id,label1,label2
0,化学,材料・応用物理
1,材料・応用物理,化学
2,材料・応用物理,化学
3,材料・応用物理,化学
4,化学,材料・応用物理
5,材料・応用物理,化学
6,化学,材料・応用物理
7,電子・情報通信,材料・応用物理
8,材料・応用物理,化学
9,材料・応用物理,化学
10,電子・情報通信,材料・応用物理
11,材料・応用物理,電子・情報通信
12,材料・応用物理,電子・情報通信
13,材料・応用物理,化学
14,電子・情報通信,材料・応用物理
15,材料・応用物理,化学
16,材料・応用物理,化学
17,材料・応用物理,化学
18,材料・応用物理,化学
19,材料・応用物理,化学
20,材料・応用物理,化学
21,電子・情報通信,材料・応用物理
22,材料・応用物理,電子・情報通信
23,電子・情報通信,材料・応用物理
24,機械,電気
25,材料・応用物理,電子・情報通信
26,材料・応用物理,化学
27,材料・応用物理,電子・情報通信
28,材料・応用物理,化学
29,材料・応用物理,化学
30,化学,材料・応用物理
31,材料・応用物理,化学
32,材料・応用物理,電子・情報通信
33,材料・応用物理,化学
34,材料・応用物理,化学
35,機械,電気
36,機械,電気
37,材料・応用物理,化学
38,材料・応用物理,化学
39,材料・応用物理,化学
40,材料・応用物理,化学
41,材料・応用物理,化学
42,化学,材料・応用物理
43,材料・応用物理,化学
44,材料・応用物理,化学
45,化学,材料・応用物理
46,化学,材料・応用物理
47,化学,材料・応用物理
48,材料・応用物理,化学
49,材料・応用物理,化学
50,材料・応用物理,化学
51,化学,材料・応用物理
52,材料・応用物理,化学
53,材料・応用物理,化学
54,材料・応用物理,化学
55,人工知能,電子・情報通信
56,材料・応用物理,化学
57,材料・応用物理,人工知能
58,材料・応用物理,化学
59,化学,材料・応用物理
60,化学,材料・応用物理
61,材料・応用物理,電子・情報通信
62,機械,電気
63,材料・応用物理,化学
64,材料・応用物理,化学
65,材料・応用物理,化学
66,材料・応用物理,化学
67,情報処理,電子・情報通信
68,化学,材料・応用物理
69,化学,材料・応用物理
70,材料・応用物理,化学
71,材料・応用物理,人工知能
72,材料・応用物理,化学
73,材料・応用物理,化学
74,化学,材料・応用物理
75,化学,材料・応用物理
76,化学,材料・応用物理
77,化学,材料・応用物理
78,材料・応用物理,化学
79,化学,材料・応用物理
80,化学,材料・応用物理
81,化学,材料・応用物理
82,化学,材料・応用物理
83,化学,材料・応用物理
84,化学,材料・応用物理
85,機械,電気
86,材料・応用物理,化学
87,化学,材料・応用物理
88,材料・応用物理,電子・情報通信
89,材料・応用物理,化学
90,材料・応用物理,化学
91,材料・応用物理,化学
92,機械,電気
93,材料・応用物理,人工知能
94,化学,材料・応用物理
95,材料・応用物理,化学
96,情報処理,材料・応用物理
97,材料・応用物理,化学
98,化学,材料・応用物理
99,材料・応用物理,化学
100,化学,材料・応用物理
101,材料・応用物理,人工知能
102,材料・応用物理,化学
103,情報処理,電子・情報通信
104,材料・応用物理,化学
105,化学,材料・応用物理
106,材料・応用物理,化学
107,材料・応用物理,人工知能
108,材料・応用物理,化学
109,材料・応用物理,化学
110,化学,材料・応用物理
111,材料・応用物理,電子・情報通信
112,化学,材料・応用物理
113,材料・応用物理,化学
114,化学,材料・応用物理
115,化学,材料・応用物理
116,化学,材料・応用物理
117,化学,材料・応用物理
118,材料・応用物理,化学
119,材料・応用物理,化学
120,化学,材料・応用物理
121,化学,材料・応用物理
122,化学,材料・応用物理
123,化学,材料・応用物理
124,化学,材料・応用物理
125,材料・応用物理,化学
126,化学,材料・応用物理
127,化学,材料・応用物理
128,化学,材料・応用物理
129,材料・応用物理,化学
130,人工知能,電子・情報通信
131,機械,電気
132,材料・応用物理,化学
133,材料・応用物理,化学
134,材料・応用物理,化学
135,材料・応用物理,化学
136,材料・応用物理,化学
137,材料・応用物理,化学
138,化学,材料・応用物理
139,材料・応用物理,化学
140,化学,材料・応用物理
141,材料・応用物理,化学
142,材料・応用物理,化学
143,材料・応用物理,化学
144,材料・応用物理,化学
145,化学,材料・応用物理
146,材料・応用物理,化学
147,材料・応用物理,化学
148,化学,材料・応用物理
149,化学,材料・応用物理
150,化学,材料・応用物理
151,化学,材料・応用物理
152,化学,材料・応用物理
153,化学,材料・応用物理
154,材料・応用物理,化学
155,化学,材料・応用物理
156,化学,材料・応用物理
157,化学,材料・応用物理
158,化学,材料・応用物理
159,化学,材料・応用物理
160,化学,材料・応用物理
161,材料・応用物理,化学
162,化学,材料・応用物理
163,化学,材料・応用物理
164,化学,材料・応用物理
165,化学,材料・応用物理
166,材料・応用物理,化学
167,化学,材料・応用物理
168,化学,材料・応用物理
169,化学,材料・応用物理
170,化学,材料・応用物理
171,化学,材料・応用物理
172,化学,材料・応用物理
173,化学,材料・応用物理
174,化学,材料・応用物理
175,化学,材料・応用物理
176,材料・応用物理,化学
177,化学,材料・応用物理
178,材料・応用物理,化学
179,化学,材料・応用物理
180,化学,材料・応用物理
181,化学,材料・応用物理
182,化学,材料・応用物理
183,化学,材料・応用物理
184,化学,材料・応用物理
185,材料・応用物理,化学
186,材料・応用物理,化学
187,材料・応用物理,化学
188,材料・応用物理,化学
189,材料・応用物理,化学
190,材料・応用物理,化学
191,化学,人工知能
192,材料・応用物理,化学
193,化学,材料・応用物理
194,材料・応用物理,化学
195,化学,材料・応用物理
196,材料・応用物理,化学
197,材料・応用物理,化学
198,材料・応用物理,化学
199,材料・応用物理,化学
200,材料・応用物理,化学
201,化学,材料・応用物理
202,材料・応用物理,化学
203,機械,電気
204,材料・応用物理,化学
205,化学,材料・応用物理
206,化学,材料・応用物理
207,化学,材料・応用物理
208,化学,材料・応用物理
209,機械,材料・応用物理
210,化学,材料・応用物理
211,材料・応用物理,化学
212,機械,電気
213,化学,材料・応用物理
214,化学,材料・応用物理
215,材料・応用物理,化学
216,化学,材料・応用物理
217,化学,材料・応用物理
218,材料・応用物理,化学
219,機械,電気
220,化学,材料・応用物理
221,機械,電気
222,材料・応用物理,化学
223,材料・応用物理,化学
224,材料・応用物理,化学
225,材料・応用物理,化学
226,化学,材料・応用物理
227,化学,材料・応用物理
228,化学,材料・応用物理
229,化学,材料・応用物理
230,化学,材料・応用物理
231,化学,材料・応用物理
232,材料・応用物理,化学
233,化学,材料・応用物理
234,材料・応用物理,化学
235,化学,材料・応用物理
236,化学,材料・応用物理
237,化学,材料・応用物理
238,化学,材料・応用物理
239,化学,材料・応用物理
240,化学,材料・応用物理
241,化学,材料・応用物理
242,化学,材料・応用物理
243,化学,材料・応用物理
244,材料・応用物理,化学
245,化学,材料・応用物理
246,化学,材料・応用物理
247,材料・応用物理,化学
248,化学,材料・応用物理
249,化学,材料・応用物理
250,材料・応用物理,化学
251,材料・応用物理,化学
252,化学,材料・応用物理
253,化学,材料・応用物理
254,化学,材料・応用物理
255,化学,材料・応用物理
256,化学,材料・応用物理
257,化学,人工知能
258,材料・応用物理,化学
259,化学,材料・応用物理
260,化学,材料・応用物理
261,化学,材料・応用物理
262,化学,材料・応用物理
263,化学,材料・応用物理
264,材料・応用物理,化学
265,化学,材料・応用物理
266,化学,材料・応用物理
267,化学,材料・応用物理
268,化学,材料・応用物理
269,化学,材料・応用物理
270,化学,材料・応用物理
271,化学,材料・応用物理
272,化学,材料・応用物理
273,材料・応用物理,化学
274,化学,材料・応用物理
275,化学,材料・応用物理
276,材料・応用物理,化学
277,化学,材料・応用物理
278,化学,材料・応用物理
279,化学,材料・応用物理
280,化学,人工知能
281,化学,材料・応用物理
282,化学,材料・応用物理
283,化学,材料・応用物理
284,材料・応用物理,化学
285,化学,材料・応用物理
286,化学,材料・応用物理
287,化学,材料・応用物理
288,化学,材料・応用物理
289,化学,材料・応用物理
290,化学,材料・応用物理
291,化学,材料・応用物理
292,化学,材料・応用物理
293,材料・応用物理,化学
294,化学,材料・応用物理
295,化学,材料・応用物理
296,化学,材料・応用物理
297,化学,材料・応用物理
298,化学,材料・応用物理
299,化学,材料・応用物理
300,化学,材料・応用物理
301,材料・応用物理,化学
302,化学,材料・応用物理
303,化学,材料・応用物理
304,化学,材料・応用物理
305,化学,材料・応用物理
306,化学,材料・応用物理
307,化学,材料・応用物理
308,化学,材料・応用物理
309,化学,材料・応用物理
310,化学,材料・応用物理
311,化学,材料・応用物理
312,化学,材料・応用物理
313,材料・応用物理,化学
314,材料・応用物理,化学
315,化学,材料・応用物理
316,材料・応用物理,化学
317,化学,材料・応用物理
318,化学,材料・応用物理
319,化学,材料・応用物理
320,化学,材料・応用物理
321,化学,材料・応用物理
322,化学,材料・応用物理
323,化学,材料・応用物理
324,化学,材料・応用物理
325,化学,材料・応用物理
326,材料・応用物理,化学
327,化学,材料・応用物理
328,化学,材料・応用物理
329,化学,材料・応用物理
330,化学,材料・応用物理
331,化学,材料・応用物理
332,化学,材料・応用物理
333,化学,材料・応用物理
334,化学,材料・応用物理
335,化学,材料・応用物理
336,化学,材料・応用物理
337,化学,材料・応用物理
338,材料・応用物理,化学
339,化学,材料・応用物理
340,化学,材料・応用物理
341,化学,材料・応用物理
342,化学,材料・応用物理
343,材料・応用物理,化学
344,化学,材料・応用物理
345,化学,材料・応用物理
346,化学,材料・応用物理
347,材料・応用物理,化学
348,材料・応用物理,電子・情報通信
349,化学,材料・応用物理
350,化学,材料・応用物理
351,化学,材料・応用物理
352,化学,材料・応用物理
353,化学,材料・応用物理
354,化学,材料・応用物理
355,化学,材料・応用物理
356,化学,材料・応用物理
357,化学,材料・応用物理
358,化学,材料・応用物理
359,化学,材料・応用物理
360,材料・応用物理,化学
361,化学,材料・応用物理
362,化学,材料・応用物理
363,化学,材料・応用物理
364,化学,材料・応用物理
365,材料・応用物理,化学
366,化学,材料・応用物理
367,材料・応用物理,化学
368,化学,材料・応用物理
369,化学,材料・応用物理
370,化学,材料・応用物理
371,化学,材料・応用物理
372,化学,材料・応用物理
373,化学,材料・応用物理
374,材料・応用物理,化学
375,材料・応用物理,化学
376,材料・応用物理,化学
377,化学,材料・応用物理
378,化学,材料・応用物理
379,化学,材料・応用物理
380,材料・応用物理,化学
381,化学,材料・応用物理
382,化学,材料・応用物理
383,化学,材料・応用物理
384,化学,材料・応用物理
385,化学,材料・応用物理
386,化学,材料・応用物理
387,化学,材料・応用物理
388,化学,材料・応用物理
389,化学,材料・応用物理
390,化学,材料・応用物理
391,材料・応用物理,化学
392,材料・応用物理,化学
393,材料・応用物理,化学
394,化学,材料・応用物理
395,化学,材料・応用物理
396,材料・応用物理,化学
397,材料・応用物理,化学
398,化学,材料・応用物理
399,化学,材料・応用物理
400,化学,材料・応用物理
401,化学,材料・応用物理
402,材料・応用物理,化学
403,化学,材料・応用物理
404,化学,材料・応用物理
405,化学,材料・応用物理
406,化学,材料・応用物理
407,化学,材料・応用物理
408,化学,材料・応用物理
409,材料・応用物理,化学
410,材料・応用物理,化学
411,材料・応用物理,化学
412,材料・応用物理,化学
413,化学,材料・応用物理
414,化学,材料・応用物理
415,化学,材料・応用物理
416,化学,材料・応用物理
417,化学,材料・応用物理
418,材料・応用物理,化学
419,材料・応用物理,化学
420,化学,材料・応用物理
421,材料・応用物理,化学
422,材料・応用物理,電子・情報通信
423,化学,材料・応用物理
424,化学,材料・応用物理
425,化学,材料・応用物理
426,化学,材料・応用物理
427,化学,材料・応用物理
428,化学,材料・応用物理
429,化学,材料・応用物理
430,化学,材料・応用物理
431,化学,材料・応用物理
432,化学,材料・応用物理
433,化学,材料・応用物理
434,材料・応用物理,化学
435,化学,材料・応用物理
436,化学,材料・応用物理
437,化学,材料・応用物理
438,材料・応用物理,化学
439,化学,材料・応用物理
440,化学,材料・応用物理
441,化学,材料・応用物理
442,化学,材料・応用物理
443,化学,材料・応用物理
444,化学,材料・応用物理
445,化学,材料・応用物理
446,材料・応用物理,化学
447,化学,材料・応用物理
448,化学,材料・応用物理
449,化学,材料・応用物理
450,化学,材料・応用物理
451,化学,材料・応用物理
452,化学,材料・応用物理
453,材料・応用物理,化学
454,材料・応用物理,化学
455,化学,材料・応用物理
456,化学,材料・応用物理
457,材料・応用物理,化学
458,化学,材料・応用物理
459,化学,材料・応用物理
460,化学,材料・応用物理
461,化学,材料・応用物理
462,化学,材料・応用物理
463,化学,材料・応用物理
464,化学,材料・応用物理
465,化学,材料・応用物理
466,化学,材料・応用物理
467,化学,材料・応用物理
468,化学,人工知能
469,化学,人工知能
470,化学,人工知能
471,材料・応用物理,化学
472,化学,材料・応用物理
473,化学,材料・応用物理
474,化学,材料・応用物理
475,化学,材料・応用物理
476,材料・応用物理,化学
477,化学,材料・応用物理
478,化学,材料・応用物理
479,化学,材料・応用物理
480,材料・応用物理,化学
481,化学,材料・応用物理
482,化学,材料・応用物理
483,材料・応用物理,化学
484,化学,材料・応用物理
485,化学,材料・応用物理
486,材料・応用物理,化学
487,材料・応用物理,化学
488,化学,材料・応用物理
489,化学,材料・応用物理
490,材料・応用物理,化学
491,化学,材料・応用物理
492,化学,材料・応用物理
493,化学,材料・応用物理
494,化学,材料・応用物理
495,材料・応用物理,化学
496,材料・応用物理,化学
497,化学,材料・応用物理
498,化学,材料・応用物理
499,化学,材料・応用物理
500,化学,材料・応用物理
501,化学,材料・応用物理
502,化学,材料・応用物理
503,化学,材料・応用物理
504,化学,材料・応用物理
505,化学,材料・応用物理
506,化学,材料・応用物理
507,化学,材料・応用物理
508,化学,材料・応用物理
509,材料・応用物理,化学
510,化学,材料・応用物理
511,化学,材料・応用物理
512,化学,材料・応用物理
513,化学,材料・応用物理
514,化学,材料・応用物理
515,化学,材料・応用物理
516,化学,材料・応用物理
517,化学,材料・応用物理
518,化学,材料・応用物理
519,材料・応用物理,化学
520,化学,材料・応用物理
521,化学,材料・応用物理
522,材料・応用物理,化学
523,材料・応用物理,化学
524,材料・応用物理,化学
525,化学,材料・応用物理
526,材料・応用物理,化学
527,材料・応用物理,化学
528,材料・応用物理,化学
529,化学,材料・応用物理
530,化学,材料・応用物理
531,化学,材料・応用物理
532,化学,材料・応用物理
533,化学,材料・応用物理
534,化学,材料・応用物理
535,化学,材料・応用物理
536,化学,材料・応用物理
537,化学,材料・応用物理
538,化学,材料・応用物理
539,材料・応用物理,化学
540,化学,材料・応用物理
541,化学,材料・応用物理
542,材料・応用物理,化学
543,化学,材料・応用物理
544,化学,材料・応用物理
545,材料・応用物理,化学
546,化学,材料・応用物理
547,化学,材料・応用物理
548,化学,材料・応用物理
549,化学,材料・応用物理
550,化学,材料・応用物理
551,材料・応用物理,化学
552,化学,材料・応用物理
553,化学,材料・応用物理
554,材料・応用物理,化学
555,化学,材料・応用物理
556,化学,材料・応用物理
557,化学,材料・応用物理
558,化学,人工知能
559,化学,材料・応用物理
560,化学,材料・応用物理
561,化学,材料・応用物理
562,化学,材料・応用物理
563,化学,材料・応用物理
564,化学,材料・応用物理
565,化学,材料・応用物理
566,化学,材料・応用物理
567,化学,材料・応用物理
568,化学,材料・応用物理
569,化学,材料・応用物理
570,化学,材料・応用物理
571,化学,材料・応用物理
572,化学,材料・応用物理
573,化学,材料・応用物理
574,化学,材料・応用物理
575,化学,材料・応用物理
576,材料・応用物理,化学
577,化学,材料・応用物理
578,化学,材料・応用物理
579,化学,材料・応用物理
580,化学,材料・応用物理
581,化学,材料・応用物理
582,材料・応用物理,化学
583,化学,材料・応用物理
584,化学,材料・応用物理
585,材料・応用物理,化学
586,化学,材料・応用物理
587,化学,材料・応用物理
588,化学,材料・応用物理
589,化学,材料・応用物理
590,化学,材料・応用物理
591,化学,材料・応用物理
592,材料・応用物理,化学
593,化学,材料・応用物理
594,化学,材料・応用物理
595,化学,材料・応用物理
596,化学,材料・応用物理
597,化学,材料・応用物理
598,化学,材料・応用物理
599,材料・応用物理,化学
600,化学,材料・応用物理
601,材料・応用物理,化学
602,材料・応用物理,電子・情報通信
603,化学,材料・応用物理
604,材料・応用物理,化学
605,化学,材料・応用物理
606,化学,材料・応用物理
607,化学,材料・応用物理
608,化学,材料・応用物理
609,化学,材料・応用物理
610,化学,材料・応用物理
611,化学,材料・応用物理
612,化学,材料・応用物理
613,化学,材料・応用物理
614,化学,材料・応用物理
615,化学,材料・応用物理
616,化学,材料・応用物理
617,化学,材料・応用物理
618,化学,材料・応用物理
619,化学,材料・応用物理
620,材料・応用物理,化学
621,化学,材料・応用物理
622,化学,材料・応用物理
623,化学,材料・応用物理
624,化学,材料・応用物理
625,化学,材料・応用物理
626,材料・応用物理,化学
627,化学,材料・応用物理
628,化学,材料・応用物理
629,材料・応用物理,化学
630,材料・応用物理,化学
631,材料・応用物理,化学
632,化学,材料・応用物理
633,材料・応用物理,電子・情報通信
634,化学,材料・応用物理
635,材料・応用物理,化学
636,機械,電気
637,化学,材料・応用物理
638,材料・応用物理,化学
639,材料・応用物理,化学
640,材料・応用物理,化学
641,材料・応用物理,化学
642,材料・応用物理,化学
643,化学,材料・応用物理
644,化学,材料・応用物理
645,機械,電気
646,化学,材料・応用物理
647,化学,材料・応用物理
648,化学,材料・応用物理
649,化学,材料・応用物理
650,化学,材料・応用物理
651,化学,材料・応用物理
652,化学,材料・応用物理
653,化学,材料・応用物理
654,化学,材料・応用物理
655,化学,材料・応用物理
656,化学,材料・応用物理
657,化学,材料・応用物理
658,化学,材料・応用物理
659,化学,材料・応用物理
660,化学,材料・応用物理
661,化学,材料・応用物理
662,化学,材料・応用物理
663,化学,材料・応用物理
664,化学,材料・応用物理
665,化学,材料・応用物理
666,化学,材料・応用物理
667,化学,材料・応用物理
668,化学,材料・応用物理
669,化学,材料・応用物理
670,化学,材料・応用物理
671,化学,材料・応用物理
672,化学,材料・応用物理
673,化学,材料・応用物理
674,化学,材料・応用物理
675,化学,材料・応用物理
676,化学,材料・応用物理
677,化学,材料・応用物理
678,化学,材料・応用物理
679,化学,材料・応用物理
680,化学,材料・応用物理
681,化学,材料・応用物理
682,化学,材料・応用物理
683,化学,材料・応用物理
684,化学,材料・応用物理
685,化学,材料・応用物理
686,材料・応用物理,化学
687,化学,材料・応用物理
688,材料・応用物理,化学
689,化学,材料・応用物理
690,材料・応用物理,化学
691,機械,電気
692,化学,材料・応用物理
693,化学,材料・応用物理
694,化学,材料・応用物理
695,人工知能,電子・情報通信
696,化学,人工知能
697,化学,材料・応用物理
698,情報処理,電子・情報通信
699,化学,材料・応用物理
700,化学,材料・応用物理
701,材料・応用物理,化学
702,化学,材料・応用物理
703,材料・応用物理,化学
704,材料・応用物理,機械
705,機械,電気
706,材料・応用物理,化学
707,化学,材料・応用物理
708,電子・情報通信,材料・応用物理
709,化学,材料・応用物理
710,化学,材料・応用物理
711,人工知能,機械
712,機械,電気
713,材料・応用物理,化学
714,化学,材料・応用物理
715,材料・応用物理,化学
716,材料・応用物理,化学
717,化学,人工知能
718,材料・応用物理,化学
719,材料・応用物理,化学
720,材料・応用物理,電子・情報通信
721,材料・応用物理,化学
722,材料・応用物理,化学
723,電子・情報通信,人工知能
724,化学,機械
725,材料・応用物理,化学
726,材料・応用物理,化学
727,化学,材料・応用物理
728,材料・応用物理,化学
729,機械,電気
730,化学,材料・応用物理
731,機械,電気
732,材料・応用物理,人工知能
733,機械,電気
734,材料・応用物理,化学
735,材料・応用物理,化学
736,化学,材料・応用物理
737,材料・応用物理,化学
738,材料・応用物理,電子・情報通信
739,材料・応用物理,電子・情報通信
740,材料・応用物理,電子・情報通信
741,材料・応用物理,化学
742,化学,材料・応用物理
743,材料・応用物理,人工知能
744,材料・応用物理,化学
745,化学,材料・応用物理
746,化学,材料・応用物理
747,材料・応用物理,化学
748,化学,材料・応用物理
749,材料・応用物理,人工知能
750,材料・応用物理,化学
751,人工知能,電子・情報通信
752,化学,人工知能
753,化学,人工知能
754,化学,材料・応用物理
755,化学,材料・応用物理
756,材料・応用物理,化学
757,機械,電気
758,機械,化学
759,化学,電子・情報通信
760,機械,電気
761,材料・応用物理,化学
762,材料・応用物理,化学
763,化学,材料・応用物理
764,人工知能,化学
765,材料・応用物理,化学
766,材料・応用物理,化学
767,化学,材料・応用物理
768,化学,材料・応用物理
769,化学,材料・応用物理
770,化学,材料・応用物理
771,化学,材料・応用物理
772,化学,材料・応用物理
773,化学,材料・応用物理
774,化学,材料・応用物理
775,化学,材料・応用物理
776,化学,材料・応用物理
777,材料・応用物理,化学
778,機械,人工知能
779,材料・応用物理,化学
780,機械,電気
781,機械,電気
782,材料・応用物理,人工知能
783,材料・応用物理,人工知能
784,電子・情報通信,情報処理
785,電子・情報通信,人工知能
786,材料・応用物理,化学
787,材料・応用物理,化学
788,化学,材料・応用物理
789,化学,材料・応用物理
790,材料・応用物理,電子・情報通信
791,材料・応用物理,情報処理
792,材料・応用物理,化学
793,材料・応用物理,化学
794,化学,材料・応用物理
795,機械,電気
796,材料・応用物理,化学
797,材料・応用物理,化学
798,機械,電気
799,化学,材料・応用物理
800,材料・応用物理,化学
801,材料・応用物理,人工知能
802,人工知能,化学
803,化学,材料・応用物理
804,人工知能,化学
805,材料・応用物理,化学
806,化学,材料・応用物理
807,人工知能,化学
808,化学,材料・応用物理
809,機械,電気
810,機械,電気
811,材料・応用物理,化学
812,材料・応用物理,化学
813,情報処理,電子・情報通信
814,化学,材料・応用物理
815,機械,電気
816,化学,材料・応用物理
817,材料・応用物理,人工知能
818,電子・情報通信,情報処理
819,人工知能,機械
820,材料・応用物理,電子・情報通信
821,材料・応用物理,人工知能
822,化学,材料・応用物理
823,化学,材料・応用物理
824,材料・応用物理,電子・情報通信
825,化学,情報処理
826,機械,材料・応用物理
827,情報処理,電子・情報通信
828,化学,材料・応用物理
829,材料・応用物理,化学
830,材料・応用物理,化学
831,機械,電気
832,材料・応用物理,化学
833,材料・応用物理,化学
834,材料・応用物理,化学
835,機械,電気
836,材料・応用物理,人工知能
837,化学,人工知能
838,電子・情報通信,人工知能
839,材料・応用物理,化学
840,人工知能,化学
841,電子・情報通信,材料・応用物理
842,材料・応用物理,化学
843,電子・情報通信,人工知能
844,電子・情報通信,人工知能
845,材料・応用物理,化学
846,材料・応用物理,人工知能
847,化学,材料・応用物理
848,材料・応用物理,人工知能
849,機械,電気
850,機械,電気
851,材料・応用物理,化学
852,化学,材料・応用物理
853,人工知能,機械
854,人工知能,機械
855,材料・応用物理,化学
856,材料・応用物理,化学
857,化学,材料・応用物理
858,化学,材料・応用物理
859,化学,材料・応用物理
860,化学,材料・応用物理
861,人工知能,化学
862,人工知能,化学
863,材料・応用物理,電子・情報通信
864,機械,電気
865,化学,材料・応用物理
866,化学,材料・応用物理
867,化学,材料・応用物理
868,化学,人工知能
869,化学,材料・応用物理
870,材料・応用物理,化学
871,化学,材料・応用物理
872,機械,人工知能
873,化学,機械
874,機械,電気
875,人工知能,材料・応用物理
876,材料・応用物理,化学
877,電子・情報通信,情報処理
878,電子・情報通信,情報処理
879,化学,人工知能
880,材料・応用物理,化学
881,材料・応用物理,化学
882,材料・応用物理,情報処理
883,情報処理,材料・応用物理
884,材料・応用物理,化学
885,材料・応用物理,人工知能
886,化学,材料・応用物理
887,材料・応用物理,化学
888,機械,電気
889,材料・応用物理,電子・情報通信
890,材料・応用物理,電子・情報通信
891,材料・応用物理,化学
892,材料・応用物理,化学
893,材料・応用物理,化学
894,材料・応用物理,人工知能
895,化学,情報処理
896,材料・応用物理,化学
897,材料・応用物理,化学
898,電子・情報通信,材料・応用物理
899,電子・情報通信,材料・応用物理
900,化学,人工知能
901,材料・応用物理,化学
902,化学,人工知能
903,材料・応用物理,化学
904,化学,材料・応用物理
905,化学,材料・応用物理
906,化学,材料・応用物理
907,化学,材料・応用物理
908,機械,電気
909,化学,情報処理
910,化学,情報処理
911,化学,材料・応用物理
912,化学,材料・応用物理
913,機械,電気
914,材料・応用物理,化学
915,化学,材料・応用物理
916,材料・応用物理,機械
917,電子・情報通信,材料・応用物理
918,材料・応用物理,化学
919,化学,材料・応用物理
920,化学,材料・応用物理
921,化学,材料・応用物理
922,化学,材料・応用物理
923,化学,材料・応用物理
924,化学,材料・応用物理
925,化学,材料・応用物理
926,材料・応用物理,化学
927,化学,材料・応用物理
928,機械,人工知能
929,機械,電気
930,材料・応用物理,化学
931,機械,化学
932,材料・応用物理,化学
933,電子・情報通信,人工知能
934,材料・応用物理,化学
935,化学,材料・応用物理
936,材料・応用物理,化学
937,材料・応用物理,化学
938,材料・応用物理,化学
939,化学,電子・情報通信
940,化学,材料・応用物理
941,化学,材料・応用物理
942,化学,材料・応用物理
943,化学,材料・応用物理
944,化学,材料・応用物理
945,材料・応用物理,化学
946,材料・応用物理,化学
947,材料・応用物理,化学
948,化学,材料・応用物理
949,化学,材料・応用物理
950,化学,人工知能
951,化学,人工知能
952,化学,材料・応用物理
953,材料・応用物理,化学
954,情報処理,電子・情報通信
955,材料・応用物理,人工知能
956,材料・応用物理,化学
957,化学,材料・応用物理
958,材料・応用物理,化学
959,化学,材料・応用物理
960,材料・応用物理,人工知能
961,材料・応用物理,化学
962,材料・応用物理,人工知能
963,材料・応用物理,化学
964,材料・応用物理,化学
965,材料・応用物理,化学
966,材料・応用物理,化学
967,人工知能,機械
968,材料・応用物理,化学
969,材料・応用物理,化学
970,化学,材料・応用物理
971,材料・応用物理,人工知能
972,人工知能,化学
973,化学,材料・応用物理
974,化学,材料・応用物理
975,化学,材料・応用物理
976,化学,材料・応用物理
977,化学,材料・応用物理
978,化学,材料・応用物理
979,化学,材料・応用物理
980,化学,材料・応用物理
981,化学,材料・応用物理
982,化学,材料・応用物理
983,化学,材料・応用物理
984,材料・応用物理,化学
985,化学,材料・応用物理
986,化学,材料・応用物理
987,化学,材料・応用物理
988,化学,材料・応用物理
989,化学,材料・応用物理
990,情報処理,電子・情報通信
991,材料・応用物理,化学
992,材料・応用物理,化学
993,材料・応用物理,化学
994,材料・応用物理,化学
995,材料・応用物理,化学
996,材料・応用物理,化学
997,材料・応用物理,化学
998,材料・応用物理,化学
999,材料・応用物理,化学
1000,化学,材料・応用物理
1001,化学,材料・応用物理
1002,化学,人工知能
1003,化学,材料・応用物理
1004,化学,材料・応用物理
1005,材料・応用物理,化学
1006,材料・応用物理,化学
1007,材料・応用物理,化学
1008,化学,材料・応用物理
1009,材料・応用物理,化学
1010,材料・応用物理,化学
1011,化学,材料・応用物理
1012,化学,材料・応用物理
1013,化学,材料・応用物理
1014,化学,材料・応用物理
1015,材料・応用物理,化学
1016,機械,材料・応用物理
1017,機械,人工知能
1018,材料・応用物理,化学
1019,化学,材料・応用物理
1020,化学,材料・応用物理
1021,材料・応用物理,化学
1022,化学,材料・応用物理
1023,材料・応用物理,化学
1024,化学,材料・応用物理
1025,材料・応用物理,化学
1026,材料・応用物理,化学
1027,材料・応用物理,化学
1028,材料・応用物理,化学
1029,化学,材料・応用物理
1030,化学,材料・応用物理
1031,化学,材料・応用物理
1032,化学,材料・応用物理
1033,化学,材料・応用物理
1034,化学,材料・応用物理
1035,化学,材料・応用物理
1036,化学,材料・応用物理
1037,化学,材料・応用物理
1038,材料・応用物理,人工知能
1039,化学,材料・応用物理
1040,化学,材料・応用物理
1041,化学,材料・応用物理
1042,化学,材料・応用物理
1043,化学,材料・応用物理
1044,材料・応用物理,化学
1045,化学,材料・応用物理
1046,化学,材料・応用物理
1047,材料・応用物理,化学
1048,化学,材料・応用物理
1049,材料・応用物理,化学
1050,化学,材料・応用物理
1051,化学,材料・応用物理
1052,化学,材料・応用物理
1053,化学,材料・応用物理
1054,化学,材料・応用物理
1055,材料・応用物理,化学
1056,化学,材料・応用物理
1057,材料・応用物理,電子・情報通信
1058,化学,材料・応用物理
1059,化学,材料・応用物理
1060,化学,材料・応用物理
1061,化学,材料・応用物理
1062,材料・応用物理,化学
1063,材料・応用物理,化学
1064,化学,材料・応用物理
1065,化学,材料・応用物理
1066,化学,材料・応用物理
1067,材料・応用物理,化学
1068,化学,材料・応用物理
1069,化学,材料・応用物理
1070,化学,材料・応用物理
1071,化学,材料・応用物理
1072,材料・応用物理,電子・情報通信
1073,化学,材料・応用物理
1074,化学,材料・応用物理
1075,化学,材料・応用物理
1076,材料・応用物理,化学
1077,化学,材料・応用物理
1078,機械,電気
1079,材料・応用物理,化学
1080,材料・応用物理,人工知能
1081,材料・応用物理,化学
1082,電子・情報通信,材料・応用物理
1083,機械,電気
1084,材料・応用物理,化学
1085,情報処理,電子・情報通信
1086,電子・情報通信,情報処理
1087,材料・応用物理,機械
1088,化学,材料・応用物理
1089,材料・応用物理,化学
1090,化学,材料・応用物理
1091,電子・情報通信,材料・応用物理
1092,材料・応用物理,化学
1093,化学,材料・応用物理
1094,材料・応用物理,化学
1095,機械,電気
1096,化学,材料・応用物理
1097,材料・応用物理,化学
1098,材料・応用物理,化学
1099,材料・応用物理,電子・情報通信
1100,化学,材料・応用物理
1101,材料・応用物理,人工知能
1102,機械,電気
1103,機械,電気
1104,材料・応用物理,化学
1105,化学,材料・応用物理
1106,化学,材料・応用物理
1107,化学,材料・応用物理
1108,材料・応用物理,化学
1109,材料・応用物理,化学
1110,材料・応用物理,化学
1111,材料・応用物理,化学
1112,材料・応用物理,化学
1113,機械,電気
1114,材料・応用物理,化学
1115,化学,材料・応用物理
1116,材料・応用物理,化学
1117,化学,材料・応用物理
1118,化学,材料・応用物理
1119,化学,材料・応用物理
1120,材料・応用物理,化学
1121,化学,材料・応用物理
1122,化学,材料・応用物理
1123,材料・応用物理,化学
1124,化学,材料・応用物理
1125,化学,材料・応用物理
1126,材料・応用物理,化学
1127,化学,材料・応用物理
1128,化学,材料・応用物理
1129,化学,材料・応用物理
1130,化学,材料・応用物理
1131,材料・応用物理,化学
1132,化学,材料・応用物理
1133,化学,材料・応用物理
1134,化学,材料・応用物理
1135,化学,材料・応用物理
1136,化学,材料・応用物理
1137,化学,材料・応用物理
1138,化学,材料・応用物理
1139,化学,材料・応用物理
1140,化学,材料・応用物理
1141,化学,材料・応用物理
1142,化学,材料・応用物理
1143,化学,材料・応用物理
1144,化学,材料・応用物理
1145,機械,電気
1146,機械,電気
1147,材料・応用物理,化学
1148,化学,材料・応用物理
1149,化学,材料・応用物理
1150,化学,材料・応用物理
1151,化学,材料・応用物理
1152,情報処理,電子・情報通信
1153,材料・応用物理,化学
1154,材料・応用物理,化学
1155,材料・応用物理,化学
1156,化学,材料・応用物理
1157,化学,材料・応用物理
1158,材料・応用物理,化学
1159,化学,材料・応用物理
1160,化学,材料・応用物理
1161,化学,材料・応用物理
1162,化学,材料・応用物理
1163,化学,人工知能
1164,材料・応用物理,化学
1165,材料・応用物理,化学
1166,材料・応用物理,化学
1167,材料・応用物理,化学
1168,材料・応用物理,化学
1169,化学,人工知能
1170,材料・応用物理,化学
1171,化学,材料・応用物理
1172,材料・応用物理,化学
1173,材料・応用物理,化学
1174,材料・応用物理,化学
1175,化学,材料・応用物理
1176,電子・情報通信,情報処理
1177,機械,電気
1178,機械,電気
1179,材料・応用物理,化学
1180,材料・応用物理,化学
1181,材料・応用物理,化学
1182,材料・応用物理,化学
1183,材料・応用物理,機械
1184,材料・応用物理,化学
1185,物理,化学
1186,化学,材料・応用物理
1187,化学,材料・応用物理
1188,化学,材料・応用物理
1189,材料・応用物理,化学
1190,化学,材料・応用物理
1191,化学,材料・応用物理
1192,化学,材料・応用物理
1193,化学,材料・応用物理
1194,化学,材料・応用物理
1195,材料・応用物理,化学
1196,化学,材料・応用物理
1197,化学,材料・応用物理
1198,化学,材料・応用物理
1199,化学,材料・応用物理
1200,化学,材料・応用物理
1201,化学,材料・応用物理
1202,材料・応用物理,化学
1203,化学,材料・応用物理
1204,材料・応用物理,化学
1205,材料・応用物理,化学
1206,材料・応用物理,化学
1207,材料・応用物理,化学
1208,材料・応用物理,化学
1209,材料・応用物理,化学
1210,化学,材料・応用物理
1211,化学,材料・応用物理
1212,化学,人工知能
1213,化学,材料・応用物理
1214,化学,人工知能
1215,化学,材料・応用物理
1216,化学,材料・応用物理
1217,化学,材料・応用物理
1218,材料・応用物理,化学
1219,化学,材料・応用物理
1220,化学,材料・応用物理
1221,化学,材料・応用物理
1222,化学,材料・応用物理
1223,材料・応用物理,化学
1224,化学,人工知能
1225,化学,材料・応用物理
1226,化学,材料・応用物理
1227,化学,材料・応用物理
1228,化学,材料・応用物理
1229,化学,材料・応用物理
1230,化学,材料・応用物理
1231,材料・応用物理,化学
1232,材料・応用物理,化学
1233,材料・応用物理,電子・情報通信
1234,化学,材料・応用物理
1235,化学,材料・応用物理
1236,化学,材料・応用物理
1237,化学,人工知能
1238,化学,材料・応用物理
1239,化学,材料・応用物理
1240,化学,材料・応用物理
1241,化学,材料・応用物理
1242,化学,材料・応用物理
1243,化学,材料・応用物理
1244,化学,材料・応用物理
1245,化学,材料・応用物理
1246,化学,材料・応用物理
1247,化学,材料・応用物理
1248,化学,材料・応用物理
1249,化学,材料・応用物理
1250,化学,材料・応用物理
1251,化学,材料・応用物理
1252,化学,材料・応用物理
1253,化学,材料・応用物理
1254,材料・応用物理,化学
1255,材料・応用物理,化学
1256,材料・応用物理,化学
1257,化学,材料・応用物理
1258,化学,材料・応用物理
1259,化学,材料・応用物理
1260,材料・応用物理,化学
1261,化学,材料・応用物理
1262,化学,材料・応用物理
1263,化学,材料・応用物理
1264,化学,材料・応用物理
1265,化学,材料・応用物理
1266,化学,材料・応用物理
1267,材料・応用物理,化学
1268,化学,材料・応用物理
1269,材料・応用物理,情報処理
1270,材料・応用物理,化学
1271,電子・情報通信,材料・応用物理
1272,材料・応用物理,化学
1273,化学,材料・応用物理
1274,化学,材料・応用物理
1275,化学,材料・応用物理
1276,化学,材料・応用物理
1277,材料・応用物理,化学
1278,化学,材料・応用物理
1279,情報処理,電子・情報通信
1280,化学,材料・応用物理
1281,化学,材料・応用物理
1282,化学,材料・応用物理
1283,化学,材料・応用物理
1284,化学,材料・応用物理
1285,化学,材料・応用物理
1286,材料・応用物理,化学
1287,材料・応用物理,化学
1288,材料・応用物理,化学
1289,化学,人工知能
1290,化学,材料・応用物理
1291,化学,材料・応用物理
1292,化学,人工知能
1293,化学,材料・応用物理
1294,化学,材料・応用物理
1295,化学,材料・応用物理
1296,化学,材料・応用物理
1297,材料・応用物理,化学
1298,化学,材料・応用物理
1299,材料・応用物理,化学
1300,材料・応用物理,化学
1301,化学,材料・応用物理
1302,化学,材料・応用物理
1303,化学,材料・応用物理
1304,化学,材料・応用物理
1305,化学,材料・応用物理
1306,材料・応用物理,化学
1307,化学,材料・応用物理
1308,化学,材料・応用物理
1309,材料・応用物理,化学
1310,化学,材料・応用物理
1311,化学,材料・応用物理
1312,材料・応用物理,化学
1313,化学,材料・応用物理
1314,化学,材料・応用物理
1315,化学,材料・応用物理
1316,化学,材料・応用物理
1317,化学,材料・応用物理
1318,化学,材料・応用物理
1319,化学,材料・応用物理
1320,化学,材料・応用物理
1321,化学,材料・応用物理
1322,化学,材料・応用物理
1323,化学,材料・応用物理
1324,材料・応用物理,化学
1325,化学,材料・応用物理
1326,化学,材料・応用物理
1327,化学,材料・応用物理
1328,材料・応用物理,化学
1329,材料・応用物理,化学
1330,化学,材料・応用物理
1331,化学,材料・応用物理
1332,材料・応用物理,化学
1333,化学,材料・応用物理
1334,化学,材料・応用物理
1335,化学,材料・応用物理
1336,化学,材料・応用物理
1337,化学,材料・応用物理
1338,化学,材料・応用物理
1339,化学,材料・応用物理
1340,化学,材料・応用物理
1341,化学,材料・応用物理
1342,化学,材料・応用物理
1343,化学,材料・応用物理
1344,材料・応用物理,化学
1345,材料・応用物理,化学
1346,化学,材料・応用物理
1347,材料・応用物理,化学
1348,材料・応用物理,化学
1349,化学,人工知能
1350,化学,材料・応用物理
1351,化学,材料・応用物理
1352,材料・応用物理,化学
1353,化学,材料・応用物理
1354,化学,材料・応用物理
1355,化学,材料・応用物理
1356,化学,材料・応用物理
1357,化学,材料・応用物理
1358,材料・応用物理,化学
1359,化学,材料・応用物理
1360,化学,材料・応用物理
1361,材料・応用物理,化学
1362,材料・応用物理,化学
1363,化学,材料・応用物理
1364,化学,材料・応用物理
1365,化学,材料・応用物理
1366,化学,材料・応用物理
1367,化学,材料・応用物理
1368,材料・応用物理,化学
1369,化学,材料・応用物理
1370,化学,材料・応用物理
1371,材料・応用物理,化学
1372,材料・応用物理,電子・情報通信
1373,材料・応用物理,化学
1374,化学,材料・応用物理
1375,化学,材料・応用物理
1376,化学,材料・応用物理
1377,化学,材料・応用物理
1378,化学,材料・応用物理
1379,材料・応用物理,化学
1380,化学,材料・応用物理
1381,材料・応用物理,化学
1382,化学,材料・応用物理
1383,化学,材料・応用物理
1384,化学,材料・応用物理
1385,化学,材料・応用物理
1386,化学,材料・応用物理
1387,材料・応用物理,化学
1388,化学,材料・応用物理
1389,化学,材料・応用物理
1390,化学,材料・応用物理
1391,化学,材料・応用物理
1392,材料・応用物理,化学
1393,化学,材料・応用物理
1394,化学,材料・応用物理
1395,材料・応用物理,電子・情報通信
1396,化学,材料・応用物理
1397,化学,材料・応用物理
1398,化学,材料・応用物理
1399,化学,材料・応用物理
1400,化学,材料・応用物理
1401,化学,材料・応用物理
1402,化学,材料・応用物理
1403,化学,材料・応用物理
1404,化学,材料・応用物理
1405,化学,材料・応用物理
1406,化学,材料・応用物理
1407,化学,材料・応用物理
1408,化学,材料・応用物理
1409,化学,材料・応用物理
1410,化学,材料・応用物理
1411,化学,材料・応用物理
1412,化学,材料・応用物理
1413,化学,材料・応用物理
1414,化学,材料・応用物理
1415,化学,材料・応用物理
1416,化学,材料・応用物理
1417,化学,材料・応用物理
1418,材料・応用物理,化学
1419,材料・応用物理,化学
1420,材料・応用物理,化学
1421,材料・応用物理,化学
1422,化学,材料・応用物理
1423,化学,材料・応用物理
1424,化学,材料・応用物理
1425,材料・応用物理,化学
1426,化学,材料・応用物理
1427,材料・応用物理,化学
1428,化学,材料・応用物理
1429,材料・応用物理,化学
1430,化学,材料・応用物理
1431,化学,材料・応用物理
1432,化学,材料・応用物理
1433,化学,材料・応用物理
1434,化学,材料・応用物理
1435,化学,材料・応用物理
1436,材料・応用物理,化学
1437,材料・応用物理,化学
1438,材料・応用物理,化学
1439,化学,材料・応用物理
1440,材料・応用物理,化学
1441,化学,材料・応用物理
1442,化学,材料・応用物理
1443,化学,材料・応用物理
1444,化学,材料・応用物理
1445,材料・応用物理,化学
1446,化学,材料・応用物理
1447,化学,材料・応用物理
1448,材料・応用物理,化学
1449,化学,材料・応用物理
1450,材料・応用物理,化学
1451,化学,材料・応用物理
1452,化学,材料・応用物理
1453,材料・応用物理,化学
1454,化学,材料・応用物理
1455,化学,人工知能
1456,化学,材料・応用物理
1457,化学,材料・応用物理
1458,化学,材料・応用物理
1459,化学,材料・応用物理
1460,化学,材料・応用物理
1461,化学,材料・応用物理
1462,化学,材料・応用物理
1463,化学,材料・応用物理
1464,化学,材料・応用物理
1465,化学,材料・応用物理
1466,材料・応用物理,化学
1467,化学,材料・応用物理
1468,化学,材料・応用物理
1469,化学,材料・応用物理
1470,化学,材料・応用物理
1471,化学,材料・応用物理
1472,化学,材料・応用物理
1473,材料・応用物理,化学
1474,材料・応用物理,化学
1475,材料・応用物理,電子・情報通信
1476,化学,材料・応用物理
1477,化学,材料・応用物理
1478,化学,材料・応用物理
1479,化学,材料・応用物理
1480,化学,材料・応用物理
1481,化学,材料・応用物理
1482,化学,材料・応用物理
1483,化学,材料・応用物理
1484,化学,材料・応用物理
1485,化学,材料・応用物理
1486,材料・応用物理,化学
1487,化学,材料・応用物理
1488,化学,材料・応用物理
1489,化学,材料・応用物理
1490,化学,材料・応用物理
1491,化学,材料・応用物理
1492,化学,材料・応用物理
1493,化学,材料・応用物理
1494,化学,人工知能
1495,化学,材料・応用物理
1496,化学,材料・応用物理
1497,化学,材料・応用物理
1498,化学,材料・応用物理
1499,材料・応用物理,化学
1500,化学,材料・応用物理
1501,化学,材料・応用物理
1502,化学,材料・応用物理
1503,化学,材料・応用物理
1504,材料・応用物理,化学
1505,化学,材料・応用物理
1506,材料・応用物理,化学
1507,化学,材料・応用物理
1508,化学,材料・応用物理
1509,化学,材料・応用物理
1510,化学,材料・応用物理
1511,化学,材料・応用物理
1512,化学,材料・応用物理
1513,化学,材料・応用物理
1514,化学,材料・応用物理
1515,化学,材料・応用物理
1516,化学,材料・応用物理
1517,材料・応用物理,化学
1518,化学,材料・応用物理
1519,化学,材料・応用物理
1520,材料・応用物理,化学
1521,化学,材料・応用物理
1522,化学,材料・応用物理
1523,化学,材料・応用物理
1524,化学,材料・応用物理
1525,材料・応用物理,化学
1526,化学,材料・応用物理
1527,化学,材料・応用物理
1528,化学,材料・応用物理
1529,化学,材料・応用物理
1530,化学,材料・応用物理
1531,材料・応用物理,化学
1532,材料・応用物理,化学
1533,材料・応用物理,化学
1534,化学,材料・応用物理
1535,材料・応用物理,化学
1536,化学,材料・応用物理
1537,材料・応用物理,化学
1538,化学,材料・応用物理
1539,化学,材料・応用物理
1540,化学,材料・応用物理
1541,化学,材料・応用物理
1542,化学,材料・応用物理
1543,化学,材料・応用物理
1544,化学,材料・応用物理
1545,化学,材料・応用物理
1546,化学,材料・応用物理
1547,化学,材料・応用物理
1548,化学,材料・応用物理
1549,材料・応用物理,化学
1550,化学,材料・応用物理
1551,化学,材料・応用物理
1552,化学,材料・応用物理
1553,化学,材料・応用物理
1554,化学,材料・応用物理
1555,化学,材料・応用物理
1556,材料・応用物理,化学
1557,材料・応用物理,化学
1558,化学,材料・応用物理
1559,材料・応用物理,化学
1560,化学,材料・応用物理
1561,化学,材料・応用物理
1562,化学,材料・応用物理
1563,化学,材料・応用物理
1564,化学,材料・応用物理
1565,化学,材料・応用物理
1566,化学,材料・応用物理
1567,化学,材料・応用物理
1568,材料・応用物理,化学
1569,化学,材料・応用物理
1570,人工知能,化学
1571,材料・応用物理,化学
1572,化学,人工知能
1573,化学,材料・応用物理
1574,化学,材料・応用物理
1575,材料・応用物理,化学
1576,化学,材料・応用物理
1577,化学,材料・応用物理
1578,材料・応用物理,化学
1579,材料・応用物理,化学
1580,材料・応用物理,化学
1581,材料・応用物理,化学
1582,材料・応用物理,化学
1583,材料・応用物理,化学
1584,化学,材料・応用物理
1585,材料・応用物理,化学
1586,化学,材料・応用物理
1587,材料・応用物理,人工知能
1588,材料・応用物理,化学
1589,材料・応用物理,化学
1590,材料・応用物理,化学
1591,情報処理,電子・情報通信
1592,機械,電気
1593,化学,材料・応用物理
1594,材料・応用物理,化学
1595,化学,材料・応用物理
1596,化学,材料・応用物理
1597,化学,材料・応用物理
1598,化学,材料・応用物理
1599,化学,材料・応用物理
1600,化学,材料・応用物理
1601,化学,材料・応用物理
1602,化学,材料・応用物理
1603,化学,材料・応用物理
1604,化学,材料・応用物理
1605,化学,材料・応用物理
1606,化学,材料・応用物理
1607,化学,材料・応用物理
1608,化学,材料・応用物理
1609,化学,材料・応用物理
1610,化学,材料・応用物理
1611,化学,材料・応用物理
1612,化学,材料・応用物理
1613,化学,材料・応用物理
1614,化学,材料・応用物理
1615,化学,材料・応用物理
1616,化学,材料・応用物理
1617,化学,材料・応用物理
1618,化学,材料・応用物理
1619,化学,材料・応用物理
1620,化学,材料・応用物理
1621,化学,材料・応用物理
1622,化学,材料・応用物理
1623,化学,材料・応用物理
1624,化学,材料・応用物理
1625,化学,材料・応用物理
1626,化学,材料・応用物理
1627,化学,材料・応用物理
1628,化学,材料・応用物理
1629,化学,材料・応用物理
1630,化学,材料・応用物理
1631,化学,材料・応用物理
1632,化学,材料・応用物理
1633,化学,材料・応用物理
1634,化学,材料・応用物理
1635,機械,電気
1636,化学,材料・応用物理
1637,材料・応用物理,化学
1638,材料・応用物理,化学
1639,化学,材料・応用物理
1640,化学,材料・応用物理
1641,化学,材料・応用物理
1642,化学,材料・応用物理
1643,材料・応用物理,化学
1644,材料・応用物理,化学
1645,化学,材料・応用物理
1646,化学,材料・応用物理
1647,材料・応用物理,化学
1648,材料・応用物理,化学
1649,化学,材料・応用物理
1650,化学,材料・応用物理
1651,化学,材料・応用物理
1652,化学,材料・応用物理
1653,化学,材料・応用物理
1654,化学,材料・応用物理
1655,化学,材料・応用物理
1656,材料・応用物理,化学
1657,化学,材料・応用物理
1658,化学,材料・応用物理
1659,化学,材料・応用物理
1660,材料・応用物理,電子・情報通信
1661,化学,材料・応用物理
1662,化学,材料・応用物理
1663,化学,材料・応用物理
1664,化学,材料・応用物理
1665,材料・応用物理,化学
1666,化学,材料・応用物理
1667,化学,材料・応用物理
1668,化学,人工知能
1669,化学,材料・応用物理
1670,材料・応用物理,化学
1671,材料・応用物理,化学
1672,化学,材料・応用物理
1673,化学,材料・応用物理
1674,化学,材料・応用物理
1675,化学,材料・応用物理
1676,化学,材料・応用物理
1677,化学,材料・応用物理
1678,化学,材料・応用物理
1679,材料・応用物理,化学
1680,化学,材料・応用物理
1681,化学,材料・応用物理
1682,化学,材料・応用物理
1683,化学,材料・応用物理
1684,化学,人工知能
1685,化学,材料・応用物理
1686,化学,材料・応用物理
1687,化学,材料・応用物理
1688,化学,材料・応用物理
1689,化学,材料・応用物理
1690,材料・応用物理,電子・情報通信
1691,材料・応用物理,化学
1692,化学,材料・応用物理
1693,化学,材料・応用物理
1694,化学,人工知能
1695,材料・応用物理,化学
1696,化学,材料・応用物理
1697,化学,材料・応用物理
1698,化学,材料・応用物理
1699,化学,材料・応用物理
1700,化学,材料・応用物理
1701,材料・応用物理,化学
1702,化学,材料・応用物理
1703,化学,材料・応用物理
1704,化学,材料・応用物理
1705,化学,材料・応用物理
1706,材料・応用物理,化学
1707,材料・応用物理,化学
1708,化学,材料・応用物理
1709,化学,材料・応用物理
1710,化学,材料・応用物理
1711,化学,材料・応用物理
1712,化学,材料・応用物理
1713,化学,材料・応用物理
1714,化学,材料・応用物理
1715,化学,材料・応用物理
1716,化学,材料・応用物理
1717,化学,材料・応用物理
1718,化学,材料・応用物理
1719,化学,材料・応用物理
1720,化学,材料・応用物理
1721,化学,材料・応用物理
1722,化学,材料・応用物理
1723,化学,材料・応用物理
1724,化学,材料・応用物理
1725,化学,材料・応用物理
1726,化学,材料・応用物理
1727,化学,材料・応用物理
1728,化学,材料・応用物理
1729,材料・応用物理,化学
1730,材料・応用物理,化学
1731,材料・応用物理,化学
1732,化学,材料・応用物理
1733,化学,材料・応用物理
1734,化学,材料・応用物理
1735,化学,材料・応用物理
1736,化学,材料・応用物理
1737,化学,材料・応用物理
1738,化学,材料・応用物理
1739,化学,材料・応用物理
1740,化学,材料・応用物理
1741,材料・応用物理,化学
1742,化学,材料・応用物理
1743,化学,材料・応用物理
1744,材料・応用物理,化学
1745,情報処理,電子・情報通信
1746,化学,材料・応用物理
1747,化学,材料・応用物理
1748,化学,材料・応用物理
1749,化学,材料・応用物理
1750,化学,材料・応用物理
1751,化学,材料・応用物理
1752,材料・応用物理,化学
1753,材料・応用物理,化学
1754,材料・応用物理,化学
1755,材料・応用物理,化学
1756,材料・応用物理,化学
1757,材料・応用物理,化学
1758,化学,材料・応用物理
1759,材料・応用物理,化学
1760,化学,材料・応用物理
1761,化学,材料・応用物理
1762,機械,電気
1763,化学,材料・応用物理
1764,化学,材料・応用物理
1765,材料・応用物理,化学
1766,材料・応用物理,化学
1767,化学,人工知能
1768,材料・応用物理,化学
1769,材料・応用物理,化学
1770,材料・応用物理,化学
1771,材料・応用物理,化学
1772,材料・応用物理,化学
1773,機械,電気
1774,化学,材料・応用物理
1775,材料・応用物理,化学
1776,材料・応用物理,化学
1777,化学,材料・応用物理
1778,材料・応用物理,化学
1779,電子・情報通信,人工知能
1780,化学,材料・応用物理
1781,情報処理,電子・情報通信
1782,材料・応用物理,機械
1783,材料・応用物理,人工知能
1784,化学,材料・応用物理
1785,材料・応用物理,化学
1786,化学,材料・応用物理
1787,材料・応用物理,化学
1788,機械,電気
1789,機械,電気
1790,化学,材料・応用物理
1791,材料・応用物理,人工知能
1792,電子・情報通信,材料・応用物理
1793,化学,人工知能
1794,化学,人工知能
1795,化学,人工知能
1796,材料・応用物理,電子・情報通信
1797,電子・情報通信,人工知能
1798,材料・応用物理,化学
1799,材料・応用物理,人工知能
1800,材料・応用物理,化学
1801,材料・応用物理,化学
1802,材料・応用物理,電子・情報通信
1803,材料・応用物理,化学
1804,材料・応用物理,化学
1805,化学,材料・応用物理
1806,化学,材料・応用物理
1807,化学,材料・応用物理
1808,化学,材料・応用物理
1809,化学,材料・応用物理
1810,電子・情報通信,情報処理
1811,化学,電子・情報通信
1812,電子・情報通信,情報処理
1813,情報処理,材料・応用物理
1814,機械,人工知能
1815,材料・応用物理,人工知能
1816,材料・応用物理,化学
1817,機械,電気
1818,材料・応用物理,化学
1819,機械,電気
1820,化学,材料・応用物理
1821,化学,情報処理
1822,機械,電気
1823,化学,情報処理
1824,電子・情報通信,化学
1825,化学,電子・情報通信
1826,材料・応用物理,機械
1827,材料・応用物理,化学
1828,機械,化学
1829,機械,電気
1830,化学,材料・応用物理
1831,化学,材料・応用物理
1832,化学,材料・応用物理
1833,機械,電気
1834,化学,材料・応用物理
1835,材料・応用物理,化学
1836,化学,材料・応用物理
1837,機械,電気
1838,機械,人工知能
1839,機械,材料・応用物理
1840,材料・応用物理,化学
1841,材料・応用物理,電子・情報通信
1842,材料・応用物理,人工知能
1843,材料・応用物理,人工知能
1844,材料・応用物理,電子・情報通信
1845,人工知能,電子・情報通信
1846,材料・応用物理,人工知能
1847,機械,電気
1848,電子・情報通信,材料・応用物理
1849,電子・情報通信,材料・応用物理
1850,材料・応用物理,化学
1851,化学,材料・応用物理
1852,電子・情報通信,情報処理
1853,機械,人工知能
1854,機械,材料・応用物理
1855,材料・応用物理,化学
1856,化学,材料・応用物理
1857,材料・応用物理,人工知能
1858,化学,材料・応用物理
1859,化学,材料・応用物理
1860,機械,電気
1861,材料・応用物理,人工知能
1862,機械,電気
1863,化学,情報処理
1864,化学,情報処理
1865,材料・応用物理,情報処理
1866,材料・応用物理,化学
1867,機械,人工知能
1868,材料・応用物理,機械
1869,機械,電気
1870,材料・応用物理,化学
1871,材料・応用物理,化学
1872,材料・応用物理,化学
1873,化学,材料・応用物理
1874,材料・応用物理,化学
1875,化学,材料・応用物理
1876,材料・応用物理,化学
1877,化学,材料・応用物理
1878,化学,材料・応用物理
1879,化学,材料・応用物理
1880,化学,材料・応用物理
1881,化学,材料・応用物理
1882,化学,材料・応用物理
1883,材料・応用物理,化学
1884,材料・応用物理,化学
1885,材料・応用物理,化学
1886,材料・応用物理,電子・情報通信
1887,機械,電気
1888,材料・応用物理,化学
1889,材料・応用物理,化学
1890,材料・応用物理,化学
1891,材料・応用物理,電子・情報通信
1892,材料・応用物理,化学
1893,材料・応用物理,化学
1894,電子・情報通信,人工知能
1895,化学,材料・応用物理
1896,化学,材料・応用物理
1897,化学,人工知能
1898,材料・応用物理,化学
1899,材料・応用物理,化学
1900,材料・応用物理,化学
1901,機械,電気
1902,材料・応用物理,情報処理
1903,材料・応用物理,電子・情報通信
1904,電子・情報通信,人工知能
1905,材料・応用物理,電子・情報通信
1906,電子・情報通信,化学
1907,化学,材料・応用物理
1908,化学,材料・応用物理
1909,化学,材料・応用物理
1910,機械,電気
1911,機械,電気
1912,化学,人工知能
1913,情報処理,電子・情報通信
1914,機械,電気
1915,化学,人工知能
1916,情報処理,電子・情報通信
1917,材料・応用物理,化学
1918,材料・応用物理,化学
1919,機械,電気
1920,機械,電気
1921,機械,材料・応用物理
1922,機械,電気
1923,化学,材料・応用物理
1924,化学,材料・応用物理
1925,化学,材料・応用物理
1926,機械,電気
1927,電子・情報通信,情報処理
1928,材料・応用物理,人工知能
1929,機械,材料・応用物理
1930,機械,電気
1931,材料・応用物理,人工知能
1932,化学,材料・応用物理
1933,材料・応用物理,化学
1934,化学,材料・応用物理
1935,化学,材料・応用物理
1936,機械,電気
1937,電子・情報通信,情報処理
1938,材料・応用物理,化学
1939,材料・応用物理,化学
1940,機械,電気
1941,化学,材料・応用物理
1942,材料・応用物理,電子・情報通信
1943,機械,電気
1944,材料・応用物理,化学
1945,化学,材料・応用物理
1946,化学,材料・応用物理
1947,化学,材料・応用物理
1948,化学,材料・応用物理
1949,化学,人工知能
1950,材料・応用物理,人工知能
1951,化学,材料・応用物理
1952,材料・応用物理,化学
1953,材料・応用物理,化学
1954,材料・応用物理,化学
1955,化学,材料・応用物理
1956,電子・情報通信,材料・応用物理
1957,化学,人工知能
1958,材料・応用物理,化学
1959,材料・応用物理,化学
1960,化学,材料・応用物理
1961,人工知能,電子・情報通信
1962,化学,人工知能
1963,化学,材料・応用物理
1964,材料・応用物理,電子・情報通信
1965,人工知能,化学
1966,化学,材料・応用物理
1967,材料・応用物理,人工知能
1968,化学,材料・応用物理
1969,材料・応用物理,電子・情報通信
1970,材料・応用物理,化学
1971,機械,電気
1972,材料・応用物理,化学
1973,機械,化学
1974,材料・応用物理,化学
1975,機械,電気
1976,化学,材料・応用物理
1977,材料・応用物理,人工知能
1978,情報処理,電子・情報通信
1979,電子・情報通信,情報処理
1980,材料・応用物理,化学
1981,化学,情報処理
1982,材料・応用物理,人工知能
1983,材料・応用物理,化学
1984,材料・応用物理,化学
1985,材料・応用物理,化学
1986,機械,電気
1987,材料・応用物理,化学
1988,電子・情報通信,情報処理
1989,機械,人工知能
1990,材料・応用物理,人工知能
1991,材料・応用物理,化学
1992,材料・応用物理,人工知能
1993,材料・応用物理,人工知能
1994,化学,材料・応用物理
1995,化学,材料・応用物理
1996,化学,材料・応用物理
1997,化学,材料・応用物理
1998,化学,材料・応用物理
1999,化学,材料・応用物理
2000,化学,材料・応用物理
2001,材料・応用物理,化学
2002,化学,材料・応用物理
2003,材料・応用物理,化学
2004,化学,材料・応用物理
2005,化学,材料・応用物理
2006,化学,材料・応用物理
2007,化学,材料・応用物理
2008,材料・応用物理,化学
2009,化学,材料・応用物理
2010,化学,材料・応用物理
2011,化学,材料・応用物理
2012,材料・応用物理,化学
2013,化学,材料・応用物理
2014,化学,人工知能
2015,化学,材料・応用物理
2016,材料・応用物理,化学
2017,化学,材料・応用物理
2018,化学,材料・応用物理
2019,化学,材料・応用物理
2020,化学,材料・応用物理
2021,材料・応用物理,化学
2022,化学,材料・応用物理
2023,化学,材料・応用物理
2024,化学,材料・応用物理
2025,化学,材料・応用物理
2026,化学,材料・応用物理
2027,化学,材料・応用物理
2028,化学,材料・応用物理
2029,化学,材料・応用物理
2030,材料・応用物理,化学
2031,化学,材料・応用物理
2032,化学,材料・応用物理
2033,化学,材料・応用物理
2034,化学,材料・応用物理
2035,化学,材料・応用物理
2036,化学,材料・応用物理
2037,化学,材料・応用物理
2038,化学,材料・応用物理
2039,化学,材料・応用物理
2040,化学,人工知能
2041,化学,材料・応用物理
2042,材料・応用物理,化学
2043,化学,材料・応用物理
2044,化学,材料・応用物理
2045,化学,材料・応用物理
2046,化学,材料・応用物理
2047,化学,材料・応用物理
2048,化学,材料・応用物理
2049,化学,材料・応用物理
2050,化学,材料・応用物理
2051,化学,材料・応用物理
2052,材料・応用物理,化学
2053,化学,材料・応用物理
2054,化学,材料・応用物理
2055,化学,材料・応用物理
2056,化学,材料・応用物理
2057,化学,材料・応用物理
2058,化学,材料・応用物理
2059,化学,材料・応用物理
2060,化学,材料・応用物理
2061,化学,材料・応用物理
2062,化学,材料・応用物理
2063,化学,材料・応用物理
2064,化学,材料・応用物理
2065,化学,材料・応用物理
2066,化学,材料・応用物理
2067,化学,材料・応用物理
2068,化学,材料・応用物理
2069,化学,材料・応用物理
2070,化学,材料・応用物理
2071,材料・応用物理,化学
2072,化学,材料・応用物理
2073,材料・応用物理,化学
2074,化学,材料・応用物理
2075,材料・応用物理,化学
2076,化学,材料・応用物理
2077,化学,材料・応用物理
2078,化学,材料・応用物理
2079,化学,材料・応用物理
2080,化学,材料・応用物理
2081,化学,材料・応用物理
2082,化学,材料・応用物理
2083,化学,材料・応用物理
2084,化学,材料・応用物理
2085,化学,材料・応用物理
2086,化学,材料・応用物理
2087,化学,材料・応用物理
2088,化学,材料・応用物理
2089,化学,材料・応用物理
2090,化学,材料・応用物理
2091,化学,材料・応用物理
2092,化学,材料・応用物理
2093,化学,材料・応用物理
2094,材料・応用物理,化学
2095,化学,材料・応用物理
2096,化学,材料・応用物理
2097,化学,材料・応用物理
2098,化学,材料・応用物理
2099,化学,材料・応用物理
2100,化学,材料・応用物理
2101,化学,材料・応用物理
2102,化学,材料・応用物理
2103,化学,材料・応用物理
2104,材料・応用物理,化学
2105,化学,材料・応用物理
2106,化学,材料・応用物理
2107,化学,材料・応用物理
2108,化学,材料・応用物理
2109,化学,材料・応用物理
2110,化学,材料・応用物理
2111,化学,材料・応用物理
2112,化学,材料・応用物理
2113,化学,材料・応用物理
2114,材料・応用物理,化学
2115,化学,材料・応用物理
2116,材料・応用物理,化学
2117,化学,材料・応用物理
2118,化学,材料・応用物理
2119,化学,材料・応用物理
2120,化学,材料・応用物理
2121,化学,材料・応用物理
2122,化学,材料・応用物理
2123,化学,材料・応用物理
2124,化学,人工知能
2125,化学,材料・応用物理
2126,化学,材料・応用物理
2127,化学,材料・応用物理
2128,化学,材料・応用物理
2129,化学,材料・応用物理
2130,化学,材料・応用物理
2131,化学,材料・応用物理
2132,化学,材料・応用物理
2133,化学,人工知能
2134,材料・応用物理,化学
2135,材料・応用物理,化学
2136,化学,材料・応用物理
2137,化学,材料・応用物理
2138,化学,材料・応用物理
2139,化学,材料・応用物理
2140,化学,材料・応用物理
2141,化学,材料・応用物理
2142,化学,材料・応用物理
2143,化学,材料・応用物理
2144,化学,材料・応用物理
2145,化学,材料・応用物理
2146,化学,材料・応用物理
2147,化学,材料・応用物理
2148,化学,材料・応用物理
2149,化学,材料・応用物理
2150,化学,材料・応用物理
2151,材料・応用物理,化学
2152,化学,材料・応用物理
2153,化学,材料・応用物理
2154,化学,材料・応用物理
2155,材料・応用物理,化学
2156,化学,材料・応用物理
2157,化学,材料・応用物理
2158,化学,材料・応用物理
2159,化学,材料・応用物理
2160,化学,材料・応用物理
2161,化学,材料・応用物理
2162,材料・応用物理,化学
2163,化学,材料・応用物理
2164,化学,材料・応用物理
2165,材料・応用物理,化学
2166,化学,材料・応用物理
2167,材料・応用物理,化学
2168,化学,材料・応用物理
2169,化学,材料・応用物理
2170,材料・応用物理,化学
2171,化学,材料・応用物理
2172,化学,材料・応用物理
2173,化学,人工知能
2174,材料・応用物理,化学
2175,材料・応用物理,化学
2176,材料・応用物理,化学
2177,材料・応用物理,化学
2178,材料・応用物理,化学
2179,化学,材料・応用物理
2180,化学,材料・応用物理
2181,化学,材料・応用物理
2182,化学,材料・応用物理
2183,化学,材料・応用物理
2184,化学,材料・応用物理
2185,化学,材料・応用物理
2186,化学,材料・応用物理
2187,化学,材料・応用物理
2188,材料・応用物理,化学
2189,化学,人工知能
2190,材料・応用物理,化学
2191,材料・応用物理,化学
2192,化学,材料・応用物理
2193,化学,材料・応用物理
2194,化学,材料・応用物理
2195,化学,材料・応用物理
2196,材料・応用物理,化学
2197,化学,材料・応用物理
2198,化学,材料・応用物理
2199,化学,材料・応用物理
2200,材料・応用物理,化学
2201,化学,材料・応用物理
2202,化学,材料・応用物理
2203,化学,材料・応用物理
2204,化学,材料・応用物理
2205,材料・応用物理,化学
2206,材料・応用物理,化学
2207,化学,材料・応用物理
2208,材料・応用物理,化学
2209,化学,材料・応用物理
2210,化学,材料・応用物理
2211,化学,材料・応用物理
2212,化学,材料・応用物理
2213,化学,材料・応用物理
2214,材料・応用物理,電子・情報通信
2215,化学,材料・応用物理
2216,材料・応用物理,化学
2217,化学,材料・応用物理
2218,化学,材料・応用物理
2219,化学,材料・応用物理
2220,化学,材料・応用物理
2221,化学,材料・応用物理
2222,化学,材料・応用物理
2223,化学,材料・応用物理
2224,化学,材料・応用物理
2225,材料・応用物理,化学
2226,化学,材料・応用物理
2227,材料・応用物理,化学
2228,化学,材料・応用物理
2229,化学,材料・応用物理
2230,化学,材料・応用物理
2231,化学,材料・応用物理
2232,化学,材料・応用物理
2233,化学,材料・応用物理
2234,化学,材料・応用物理
2235,材料・応用物理,化学
2236,化学,材料・応用物理
2237,材料・応用物理,化学
2238,化学,材料・応用物理
2239,化学,材料・応用物理
2240,化学,材料・応用物理
2241,化学,材料・応用物理
2242,化学,材料・応用物理
2243,化学,材料・応用物理
2244,化学,材料・応用物理
2245,材料・応用物理,化学
2246,化学,材料・応用物理
2247,化学,材料・応用物理
2248,化学,材料・応用物理
2249,化学,材料・応用物理
2250,化学,材料・応用物理
2251,材料・応用物理,化学
2252,材料・応用物理,化学
2253,化学,材料・応用物理
2254,材料・応用物理,化学
2255,化学,材料・応用物理
2256,化学,材料・応用物理
2257,材料・応用物理,化学
2258,化学,材料・応用物理
2259,化学,材料・応用物理
2260,化学,材料・応用物理
2261,材料・応用物理,化学
2262,材料・応用物理,化学
2263,化学,材料・応用物理
2264,化学,材料・応用物理
2265,化学,材料・応用物理
2266,化学,材料・応用物理
2267,化学,材料・応用物理
2268,化学,材料・応用物理
2269,化学,材料・応用物理
2270,化学,材料・応用物理
2271,化学,材料・応用物理
2272,化学,材料・応用物理
2273,化学,材料・応用物理
2274,化学,材料・応用物理
2275,化学,材料・応用物理
2276,化学,材料・応用物理
2277,化学,材料・応用物理
2278,化学,材料・応用物理
2279,化学,材料・応用物理
2280,化学,材料・応用物理
2281,材料・応用物理,化学
2282,化学,材料・応用物理
2283,化学,材料・応用物理
2284,化学,材料・応用物理
2285,化学,材料・応用物理
2286,材料・応用物理,化学
2287,化学,材料・応用物理
2288,化学,材料・応用物理
2289,化学,材料・応用物理
2290,化学,材料・応用物理
2291,材料・応用物理,化学
2292,化学,材料・応用物理
2293,化学,材料・応用物理
2294,化学,材料・応用物理
2295,材料・応用物理,化学
2296,化学,材料・応用物理
2297,化学,材料・応用物理
2298,材料・応用物理,化学
2299,化学,材料・応用物理
2300,材料・応用物理,化学
2301,化学,材料・応用物理
2302,材料・応用物理,化学
2303,材料・応用物理,化学
2304,化学,材料・応用物理
2305,化学,材料・応用物理
2306,化学,材料・応用物理
2307,材料・応用物理,化学
2308,材料・応用物理,化学
2309,化学,材料・応用物理
2310,化学,材料・応用物理
2311,化学,材料・応用物理
2312,化学,材料・応用物理
2313,化学,材料・応用物理
2314,化学,材料・応用物理
2315,化学,材料・応用物理
2316,材料・応用物理,化学
2317,化学,材料・応用物理
2318,化学,材料・応用物理
2319,化学,材料・応用物理
2320,化学,材料・応用物理
2321,化学,材料・応用物理
2322,化学,材料・応用物理
2323,材料・応用物理,化学
2324,化学,材料・応用物理
2325,材料・応用物理,化学
2326,化学,材料・応用物理
2327,化学,材料・応用物理
2328,材料・応用物理,化学
2329,化学,材料・応用物理
2330,材料・応用物理,化学
2331,化学,材料・応用物理
2332,化学,材料・応用物理
2333,材料・応用物理,化学
2334,化学,材料・応用物理
2335,化学,材料・応用物理
2336,化学,材料・応用物理
2337,化学,材料・応用物理
2338,化学,材料・応用物理
2339,化学,材料・応用物理
2340,化学,材料・応用物理
2341,化学,材料・応用物理
2342,化学,材料・応用物理
2343,化学,材料・応用物理
2344,化学,材料・応用物理
2345,材料・応用物理,化学
2346,化学,人工知能
2347,材料・応用物理,化学
2348,化学,材料・応用物理
2349,材料・応用物理,化学
2350,化学,材料・応用物理
2351,材料・応用物理,化学
2352,材料・応用物理,化学
2353,化学,材料・応用物理
2354,化学,材料・応用物理
2355,化学,材料・応用物理
2356,化学,材料・応用物理
2357,化学,材料・応用物理
2358,化学,材料・応用物理
2359,材料・応用物理,化学
2360,化学,材料・応用物理
2361,化学,材料・応用物理
2362,材料・応用物理,化学
2363,材料・応用物理,化学
2364,化学,材料・応用物理
2365,化学,材料・応用物理
2366,材料・応用物理,化学
2367,化学,人工知能
2368,化学,材料・応用物理
2369,化学,材料・応用物理
2370,化学,材料・応用物理
2371,化学,材料・応用物理
2372,化学,材料・応用物理
2373,化学,材料・応用物理
2374,化学,材料・応用物理
2375,化学,材料・応用物理
2376,化学,材料・応用物理
2377,化学,材料・応用物理
2378,化学,材料・応用物理
2379,化学,材料・応用物理
2380,化学,材料・応用物理
2381,化学,材料・応用物理
2382,材料・応用物理,化学
2383,化学,材料・応用物理
2384,化学,材料・応用物理
2385,化学,材料・応用物理
2386,化学,材料・応用物理
2387,化学,材料・応用物理
2388,化学,材料・応用物理
2389,化学,材料・応用物理
2390,化学,人工知能
2391,化学,材料・応用物理
2392,化学,材料・応用物理
2393,化学,材料・応用物理
2394,化学,材料・応用物理
2395,材料・応用物理,化学
2396,化学,材料・応用物理
2397,化学,材料・応用物理
2398,化学,材料・応用物理
2399,化学,材料・応用物理
2400,化学,材料・応用物理
2401,化学,材料・応用物理
2402,化学,材料・応用物理
2403,化学,材料・応用物理
2404,材料・応用物理,化学
2405,材料・応用物理,化学
2406,化学,材料・応用物理
2407,化学,材料・応用物理
2408,材料・応用物理,化学
2409,化学,材料・応用物理
2410,材料・応用物理,化学
2411,化学,材料・応用物理
2412,材料・応用物理,化学
2413,化学,材料・応用物理
2414,材料・応用物理,化学
2415,材料・応用物理,化学
2416,材料・応用物理,化学
2417,材料・応用物理,化学
2418,材料・応用物理,化学
2419,化学,材料・応用物理
2420,材料・応用物理,化学
2421,化学,材料・応用物理
2422,化学,材料・応用物理
2423,材料・応用物理,化学
2424,化学,材料・応用物理
2425,化学,材料・応用物理
2426,化学,材料・応用物理
2427,化学,材料・応用物理
2428,化学,材料・応用物理
2429,化学,材料・応用物理
2430,化学,材料・応用物理
2431,化学,材料・応用物理
2432,材料・応用物理,化学
2433,材料・応用物理,化学
2434,化学,材料・応用物理
2435,化学,材料・応用物理
2436,化学,材料・応用物理
2437,化学,材料・応用物理
2438,化学,材料・応用物理
2439,化学,材料・応用物理
2440,材料・応用物理,化学
2441,化学,材料・応用物理
2442,化学,材料・応用物理
2443,化学,材料・応用物理
2444,化学,材料・応用物理
2445,化学,材料・応用物理
2446,化学,材料・応用物理
2447,化学,材料・応用物理
2448,化学,材料・応用物理
2449,化学,材料・応用物理
2450,化学,材料・応用物理
2451,化学,材料・応用物理
2452,化学,材料・応用物理
2453,化学,材料・応用物理
2454,材料・応用物理,化学
2455,化学,材料・応用物理
2456,化学,材料・応用物理
2457,材料・応用物理,化学
2458,化学,材料・応用物理
2459,化学,材料・応用物理
2460,化学,材料・応用物理
2461,化学,材料・応用物理
2462,化学,材料・応用物理
2463,化学,材料・応用物理
2464,化学,材料・応用物理
2465,化学,材料・応用物理
2466,化学,材料・応用物理
2467,化学,材料・応用物理
2468,材料・応用物理,化学
2469,化学,材料・応用物理
2470,化学,材料・応用物理
2471,材料・応用物理,化学
2472,化学,材料・応用物理
2473,化学,材料・応用物理
2474,化学,材料・応用物理
2475,化学,材料・応用物理
2476,材料・応用物理,化学
2477,電子・情報通信,人工知能
2478,化学,人工知能
2479,化学,材料・応用物理
2480,化学,材料・応用物理
2481,化学,材料・応用物理
2482,化学,材料・応用物理
2483,化学,材料・応用物理
2484,化学,材料・応用物理
2485,化学,材料・応用物理
2486,化学,材料・応用物理
2487,化学,材料・応用物理
2488,化学,材料・応用物理
2489,化学,材料・応用物理
2490,化学,材料・応用物理
2491,化学,材料・応用物理
2492,材料・応用物理,化学
2493,化学,材料・応用物理
2494,化学,材料・応用物理
2495,化学,材料・応用物理
2496,材料・応用物理,化学
2497,化学,材料・応用物理
2498,化学,材料・応用物理
2499,化学,材料・応用物理
2500,化学,材料・応用物理
2501,化学,材料・応用物理
2502,材料・応用物理,化学
2503,化学,材料・応用物理
2504,化学,材料・応用物理
2505,化学,材料・応用物理
2506,化学,材料・応用物理
2507,化学,材料・応用物理
2508,材料・応用物理,化学
2509,化学,材料・応用物理
2510,材料・応用物理,化学
2511,化学,材料・応用物理
2512,化学,材料・応用物理
2513,化学,材料・応用物理
2514,化学,材料・応用物理
2515,化学,材料・応用物理
2516,材料・応用物理,化学
2517,材料・応用物理,化学
2518,化学,材料・応用物理
2519,化学,材料・応用物理
2520,化学,材料・応用物理
2521,化学,材料・応用物理
2522,化学,材料・応用物理
2523,材料・応用物理,化学
2524,化学,材料・応用物理
2525,材料・応用物理,化学
2526,化学,材料・応用物理
2527,化学,材料・応用物理
2528,化学,材料・応用物理
2529,化学,材料・応用物理
2530,化学,材料・応用物理
2531,化学,材料・応用物理
2532,化学,材料・応用物理
2533,化学,材料・応用物理
2534,化学,材料・応用物理
2535,材料・応用物理,化学
2536,化学,材料・応用物理
2537,化学,材料・応用物理
2538,化学,材料・応用物理
2539,化学,材料・応用物理
2540,化学,材料・応用物理
2541,化学,材料・応用物理
2542,化学,材料・応用物理
2543,化学,材料・応用物理
2544,化学,材料・応用物理
2545,材料・応用物理,化学
2546,材料・応用物理,化学
2547,化学,材料・応用物理
2548,材料・応用物理,化学
2549,化学,材料・応用物理
2550,化学,材料・応用物理
2551,材料・応用物理,化学
2552,化学,材料・応用物理
2553,化学,材料・応用物理
2554,化学,材料・応用物理
2555,化学,材料・応用物理
2556,化学,材料・応用物理
2557,化学,人工知能
2558,化学,材料・応用物理
2559,化学,材料・応用物理
2560,材料・応用物理,化学
2561,化学,材料・応用物理
2562,材料・応用物理,化学
2563,化学,材料・応用物理
2564,化学,材料・応用物理
2565,材料・応用物理,化学
2566,人工知能,化学
2567,化学,材料・応用物理
2568,化学,材料・応用物理
2569,化学,材料・応用物理
2570,化学,材料・応用物理
2571,材料・応用物理,化学
2572,材料・応用物理,化学
2573,化学,材料・応用物理
2574,化学,材料・応用物理
2575,化学,材料・応用物理
2576,化学,材料・応用物理
2577,化学,材料・応用物理
2578,化学,人工知能
2579,化学,材料・応用物理
2580,材料・応用物理,化学
2581,化学,材料・応用物理
2582,化学,材料・応用物理
2583,材料・応用物理,化学
2584,化学,材料・応用物理
2585,化学,材料・応用物理
2586,化学,材料・応用物理
2587,化学,材料・応用物理
2588,化学,材料・応用物理
2589,化学,材料・応用物理
2590,化学,材料・応用物理
2591,化学,材料・応用物理
2592,材料・応用物理,化学
2593,化学,材料・応用物理
2594,化学,材料・応用物理
2595,化学,材料・応用物理
2596,化学,材料・応用物理
2597,化学,材料・応用物理
2598,化学,材料・応用物理
2599,材料・応用物理,化学
2600,材料・応用物理,化学
2601,材料・応用物理,化学
2602,化学,材料・応用物理
2603,化学,材料・応用物理
2604,化学,材料・応用物理
2605,化学,材料・応用物理
2606,材料・応用物理,化学
2607,化学,材料・応用物理
2608,化学,材料・応用物理
2609,化学,材料・応用物理
2610,材料・応用物理,電子・情報通信
2611,化学,材料・応用物理
2612,化学,材料・応用物理
2613,化学,材料・応用物理
2614,化学,材料・応用物理
2615,化学,材料・応用物理
2616,材料・応用物理,化学
2617,化学,材料・応用物理
2618,化学,材料・応用物理
2619,化学,材料・応用物理
2620,化学,材料・応用物理
2621,材料・応用物理,化学
2622,化学,材料・応用物理
2623,化学,材料・応用物理
2624,化学,材料・応用物理
2625,化学,材料・応用物理
2626,化学,材料・応用物理
2627,化学,材料・応用物理
2628,化学,材料・応用物理
2629,化学,材料・応用物理
2630,化学,材料・応用物理
2631,化学,材料・応用物理
2632,化学,材料・応用物理
2633,化学,材料・応用物理
2634,化学,材料・応用物理
2635,化学,人工知能
2636,材料・応用物理,化学
2637,化学,材料・応用物理
2638,化学,材料・応用物理
2639,材料・応用物理,化学
2640,材料・応用物理,化学
2641,化学,材料・応用物理
2642,化学,材料・応用物理
2643,化学,材料・応用物理
2644,化学,材料・応用物理
2645,化学,材料・応用物理
2646,化学,材料・応用物理
2647,材料・応用物理,化学
2648,化学,材料・応用物理
2649,化学,材料・応用物理
2650,化学,材料・応用物理
2651,化学,材料・応用物理
2652,化学,材料・応用物理
2653,材料・応用物理,化学
2654,化学,材料・応用物理
2655,化学,材料・応用物理
2656,化学,材料・応用物理
2657,化学,材料・応用物理
2658,化学,材料・応用物理
2659,化学,材料・応用物理
2660,化学,材料・応用物理
2661,化学,材料・応用物理
2662,化学,材料・応用物理
2663,電子・情報通信,材料・応用物理
2664,化学,材料・応用物理
2665,化学,材料・応用物理
2666,化学,材料・応用物理
2667,材料・応用物理,化学
2668,化学,材料・応用物理
2669,化学,材料・応用物理
2670,材料・応用物理,化学
2671,化学,材料・応用物理
2672,化学,材料・応用物理
2673,材料・応用物理,電子・情報通信
2674,化学,材料・応用物理
2675,化学,材料・応用物理
2676,材料・応用物理,化学
2677,化学,材料・応用物理
2678,化学,材料・応用物理
2679,化学,材料・応用物理
2680,化学,材料・応用物理
2681,化学,材料・応用物理
2682,化学,材料・応用物理
2683,材料・応用物理,化学
2684,材料・応用物理,化学
2685,材料・応用物理,化学
2686,材料・応用物理,化学
2687,化学,材料・応用物理
2688,化学,材料・応用物理
2689,化学,材料・応用物理
2690,化学,材料・応用物理
2691,化学,材料・応用物理
2692,化学,材料・応用物理
2693,化学,材料・応用物理
2694,化学,材料・応用物理
2695,化学,材料・応用物理
2696,化学,材料・応用物理
2697,化学,材料・応用物理
2698,化学,材料・応用物理
2699,化学,材料・応用物理
2700,化学,材料・応用物理
2701,化学,材料・応用物理
2702,化学,材料・応用物理
2703,化学,材料・応用物理
2704,化学,材料・応用物理
2705,材料・応用物理,化学
2706,化学,材料・応用物理
2707,化学,材料・応用物理
2708,化学,材料・応用物理
2709,化学,材料・応用物理
2710,化学,材料・応用物理
2711,材料・応用物理,化学
2712,化学,材料・応用物理
2713,化学,材料・応用物理
2714,化学,材料・応用物理
2715,化学,材料・応用物理
2716,化学,材料・応用物理
2717,化学,材料・応用物理
2718,材料・応用物理,化学
2719,材料・応用物理,化学
2720,化学,人工知能
2721,材料・応用物理,化学
2722,化学,材料・応用物理
2723,化学,材料・応用物理
2724,材料・応用物理,化学
2725,化学,材料・応用物理
2726,化学,材料・応用物理
2727,化学,材料・応用物理
2728,化学,材料・応用物理
2729,化学,人工知能
2730,材料・応用物理,化学
2731,化学,材料・応用物理
2732,化学,人工知能
2733,化学,材料・応用物理
2734,化学,材料・応用物理
2735,化学,材料・応用物理
2736,化学,材料・応用物理
2737,材料・応用物理,化学
2738,化学,材料・応用物理
2739,化学,材料・応用物理
2740,化学,材料・応用物理
2741,化学,材料・応用物理
2742,材料・応用物理,化学
2743,材料・応用物理,化学
2744,化学,材料・応用物理
2745,化学,材料・応用物理
2746,化学,材料・応用物理
2747,化学,材料・応用物理
2748,化学,材料・応用物理
2749,材料・応用物理,化学
2750,化学,材料・応用物理
2751,化学,材料・応用物理
2752,化学,材料・応用物理
2753,化学,材料・応用物理
2754,材料・応用物理,化学
2755,化学,材料・応用物理
2756,化学,材料・応用物理
2757,化学,材料・応用物理
2758,化学,材料・応用物理
2759,材料・応用物理,化学
2760,化学,材料・応用物理
2761,化学,材料・応用物理
2762,化学,材料・応用物理
2763,化学,材料・応用物理
2764,化学,材料・応用物理
2765,材料・応用物理,化学
2766,化学,材料・応用物理
2767,化学,材料・応用物理
2768,化学,材料・応用物理
2769,材料・応用物理,化学
2770,材料・応用物理,化学
2771,化学,材料・応用物理
2772,化学,材料・応用物理
2773,材料・応用物理,化学
2774,材料・応用物理,化学
2775,材料・応用物理,化学
2776,化学,材料・応用物理
2777,化学,材料・応用物理
2778,化学,材料・応用物理
2779,化学,材料・応用物理
2780,材料・応用物理,化学
2781,電子・情報通信,材料・応用物理
2782,材料・応用物理,化学
2783,化学,材料・応用物理
2784,化学,材料・応用物理
2785,化学,人工知能
2786,化学,材料・応用物理
2787,化学,材料・応用物理
2788,化学,材料・応用物理
2789,材料・応用物理,化学
2790,化学,材料・応用物理
2791,化学,材料・応用物理
2792,化学,材料・応用物理
2793,化学,材料・応用物理
2794,化学,材料・応用物理
2795,化学,材料・応用物理
2796,化学,材料・応用物理
2797,化学,人工知能
2798,化学,材料・応用物理
2799,材料・応用物理,化学
2800,化学,材料・応用物理
2801,化学,材料・応用物理
2802,化学,材料・応用物理
2803,化学,材料・応用物理
2804,化学,材料・応用物理
2805,化学,材料・応用物理
2806,材料・応用物理,化学
2807,化学,材料・応用物理
2808,化学,材料・応用物理
2809,材料・応用物理,化学
2810,化学,材料・応用物理
2811,化学,材料・応用物理
2812,化学,材料・応用物理
2813,化学,材料・応用物理
2814,材料・応用物理,化学
2815,材料・応用物理,化学
2816,化学,材料・応用物理
2817,化学,人工知能
2818,化学,材料・応用物理
2819,化学,材料・応用物理
2820,化学,材料・応用物理
2821,材料・応用物理,化学
2822,化学,材料・応用物理
2823,化学,材料・応用物理
2824,材料・応用物理,化学
2825,材料・応用物理,化学
2826,化学,材料・応用物理
2827,化学,材料・応用物理
2828,材料・応用物理,化学
2829,化学,材料・応用物理
2830,材料・応用物理,化学
2831,材料・応用物理,化学
2832,材料・応用物理,化学
2833,材料・応用物理,化学
2834,化学,材料・応用物理
2835,化学,人工知能
2836,化学,材料・応用物理
2837,材料・応用物理,化学
2838,化学,材料・応用物理
2839,化学,材料・応用物理
2840,材料・応用物理,化学
2841,化学,材料・応用物理
2842,化学,材料・応用物理
2843,材料・応用物理,電子・情報通信
2844,化学,材料・応用物理
2845,化学,材料・応用物理
2846,化学,材料・応用物理
2847,材料・応用物理,化学
2848,材料・応用物理,化学
2849,化学,材料・応用物理
2850,材料・応用物理,化学
2851,材料・応用物理,化学
2852,材料・応用物理,化学
2853,材料・応用物理,電子・情報通信
2854,化学,材料・応用物理
2855,化学,材料・応用物理
2856,材料・応用物理,化学
2857,化学,材料・応用物理
2858,化学,材料・応用物理
2859,化学,材料・応用物理
2860,化学,材料・応用物理
2861,化学,材料・応用物理
2862,化学,材料・応用物理
2863,化学,材料・応用物理
2864,材料・応用物理,化学
2865,化学,材料・応用物理
2866,化学,材料・応用物理
2867,材料・応用物理,化学
2868,化学,材料・応用物理
2869,化学,材料・応用物理
2870,化学,材料・応用物理
2871,化学,材料・応用物理
2872,化学,材料・応用物理
2873,化学,材料・応用物理
2874,化学,材料・応用物理
2875,化学,材料・応用物理
2876,材料・応用物理,化学
2877,材料・応用物理,化学
2878,化学,材料・応用物理
2879,化学,材料・応用物理
2880,化学,材料・応用物理
2881,材料・応用物理,化学
2882,化学,材料・応用物理
2883,材料・応用物理,化学
2884,材料・応用物理,化学
2885,化学,材料・応用物理
2886,化学,材料・応用物理
2887,化学,材料・応用物理
2888,化学,材料・応用物理
2889,化学,人工知能
2890,化学,人工知能
2891,材料・応用物理,化学
2892,化学,材料・応用物理
2893,化学,材料・応用物理
2894,化学,材料・応用物理
2895,材料・応用物理,化学
2896,化学,材料・応用物理
2897,化学,材料・応用物理
2898,化学,材料・応用物理
2899,化学,材料・応用物理
2900,材料・応用物理,化学
2901,化学,材料・応用物理
2902,化学,材料・応用物理
2903,化学,材料・応用物理
2904,化学,材料・応用物理
2905,化学,材料・応用物理
2906,化学,材料・応用物理
2907,化学,材料・応用物理
2908,化学,材料・応用物理
2909,化学,材料・応用物理
2910,化学,材料・応用物理
2911,材料・応用物理,化学
2912,材料・応用物理,化学
2913,材料・応用物理,化学
2914,化学,材料・応用物理
2915,材料・応用物理,化学
2916,化学,材料・応用物理
2917,化学,材料・応用物理
2918,化学,材料・応用物理
2919,化学,材料・応用物理
2920,化学,材料・応用物理
2921,材料・応用物理,化学
2922,材料・応用物理,化学
2923,化学,材料・応用物理
2924,化学,材料・応用物理
2925,化学,材料・応用物理
2926,化学,材料・応用物理
2927,化学,材料・応用物理
2928,材料・応用物理,化学
2929,化学,材料・応用物理
2930,化学,材料・応用物理
2931,化学,材料・応用物理
2932,化学,材料・応用物理
2933,化学,材料・応用物理
2934,化学,材料・応用物理
2935,化学,材料・応用物理
2936,化学,材料・応用物理
2937,材料・応用物理,化学
2938,化学,材料・応用物理
2939,材料・応用物理,化学
2940,化学,人工知能
2941,化学,材料・応用物理
2942,化学,材料・応用物理
2943,化学,材料・応用物理
2944,材料・応用物理,化学
2945,化学,材料・応用物理
2946,化学,材料・応用物理
2947,化学,材料・応用物理
2948,化学,材料・応用物理
2949,材料・応用物理,化学
2950,化学,材料・応用物理
2951,化学,材料・応用物理
2952,材料・応用物理,化学
2953,化学,材料・応用物理
2954,化学,材料・応用物理
2955,化学,材料・応用物理
2956,化学,材料・応用物理
2957,化学,材料・応用物理
2958,化学,材料・応用物理
2959,化学,材料・応用物理
2960,化学,材料・応用物理
2961,化学,材料・応用物理
2962,化学,材料・応用物理
2963,化学,材料・応用物理
2964,化学,材料・応用物理
2965,化学,材料・応用物理
2966,化学,材料・応用物理
2967,化学,材料・応用物理
2968,化学,材料・応用物理
2969,化学,材料・応用物理
2970,材料・応用物理,化学
2971,化学,材料・応用物理
2972,化学,材料・応用物理
2973,化学,材料・応用物理
2974,化学,材料・応用物理
2975,化学,材料・応用物理
2976,材料・応用物理,化学
2977,化学,材料・応用物理
2978,化学,材料・応用物理
2979,化学,材料・応用物理
2980,化学,材料・応用物理
2981,化学,材料・応用物理
2982,化学,材料・応用物理
2983,化学,材料・応用物理
2984,化学,人工知能
2985,材料・応用物理,化学
2986,材料・応用物理,化学
2987,化学,材料・応用物理
2988,化学,材料・応用物理
2989,材料・応用物理,化学
2990,化学,材料・応用物理
2991,化学,材料・応用物理
2992,化学,材料・応用物理
2993,化学,材料・応用物理
2994,化学,材料・応用物理
2995,化学,材料・応用物理
2996,材料・応用物理,化学
2997,化学,材料・応用物理
2998,化学,材料・応用物理
2999,化学,材料・応用物理
3000,化学,材料・応用物理
3001,化学,材料・応用物理
3002,材料・応用物理,化学
3003,材料・応用物理,化学
3004,化学,材料・応用物理
3005,材料・応用物理,化学
3006,化学,材料・応用物理
3007,化学,材料・応用物理
3008,化学,材料・応用物理
3009,化学,材料・応用物理
3010,化学,材料・応用物理
3011,材料・応用物理,化学
3012,化学,材料・応用物理
3013,化学,材料・応用物理
3014,化学,材料・応用物理
3015,化学,人工知能
3016,材料・応用物理,化学
3017,化学,材料・応用物理
3018,化学,材料・応用物理
3019,材料・応用物理,化学
3020,材料・応用物理,化学
3021,化学,材料・応用物理
3022,化学,材料・応用物理
3023,化学,材料・応用物理
3024,材料・応用物理,化学
3025,材料・応用物理,化学
3026,化学,材料・応用物理
3027,化学,材料・応用物理
3028,化学,材料・応用物理
3029,材料・応用物理,化学
3030,材料・応用物理,化学
3031,材料・応用物理,化学
3032,化学,材料・応用物理
3033,化学,材料・応用物理
3034,化学,材料・応用物理
3035,化学,材料・応用物理
3036,化学,材料・応用物理
3037,化学,材料・応用物理
3038,化学,人工知能
3039,化学,材料・応用物理
3040,化学,材料・応用物理
3041,材料・応用物理,化学
3042,材料・応用物理,化学
3043,化学,材料・応用物理
3044,化学,材料・応用物理
3045,化学,材料・応用物理
3046,材料・応用物理,化学
3047,化学,材料・応用物理
3048,材料・応用物理,化学
3049,化学,材料・応用物理
3050,化学,材料・応用物理
3051,化学,材料・応用物理
3052,化学,材料・応用物理
3053,化学,材料・応用物理
3054,化学,材料・応用物理
3055,材料・応用物理,化学
3056,化学,材料・応用物理
3057,化学,材料・応用物理
3058,化学,材料・応用物理
3059,化学,材料・応用物理
3060,化学,材料・応用物理
3061,材料・応用物理,化学
3062,化学,材料・応用物理
3063,化学,人工知能
3064,化学,材料・応用物理
3065,化学,材料・応用物理
3066,化学,材料・応用物理
3067,化学,材料・応用物理
3068,材料・応用物理,化学
3069,化学,材料・応用物理
3070,材料・応用物理,化学
3071,電子・情報通信,材料・応用物理
3072,化学,材料・応用物理
3073,化学,材料・応用物理
3074,化学,材料・応用物理
3075,化学,材料・応用物理
3076,化学,材料・応用物理
3077,化学,材料・応用物理
3078,化学,材料・応用物理
3079,化学,材料・応用物理
3080,化学,材料・応用物理
3081,化学,材料・応用物理
3082,化学,材料・応用物理
3083,材料・応用物理,化学
3084,化学,材料・応用物理
3085,化学,材料・応用物理
3086,化学,材料・応用物理
3087,化学,材料・応用物理
3088,化学,材料・応用物理
3089,化学,材料・応用物理
3090,化学,材料・応用物理
3091,化学,人工知能
3092,材料・応用物理,化学
3093,化学,材料・応用物理
3094,化学,材料・応用物理
3095,材料・応用物理,化学
3096,材料・応用物理,化学
3097,化学,材料・応用物理
3098,材料・応用物理,化学
3099,材料・応用物理,化学
3100,化学,材料・応用物理
3101,化学,材料・応用物理
3102,化学,材料・応用物理
3103,化学,材料・応用物理
3104,材料・応用物理,化学
3105,化学,材料・応用物理
3106,材料・応用物理,化学
3107,化学,材料・応用物理
3108,化学,材料・応用物理
3109,化学,材料・応用物理
3110,化学,材料・応用物理
3111,化学,材料・応用物理
3112,化学,材料・応用物理
3113,化学,材料・応用物理
3114,材料・応用物理,化学
3115,化学,材料・応用物理
3116,化学,材料・応用物理
3117,化学,材料・応用物理
3118,材料・応用物理,化学
3119,化学,材料・応用物理
3120,化学,材料・応用物理
3121,化学,材料・応用物理
3122,化学,材料・応用物理
3123,材料・応用物理,化学
3124,化学,材料・応用物理
3125,化学,材料・応用物理
3126,化学,材料・応用物理
3127,化学,材料・応用物理
3128,化学,材料・応用物理
3129,化学,材料・応用物理
3130,化学,人工知能
3131,化学,材料・応用物理
3132,化学,材料・応用物理
3133,化学,材料・応用物理
3134,化学,材料・応用物理
3135,化学,材料・応用物理
3136,化学,材料・応用物理
3137,化学,材料・応用物理
3138,化学,材料・応用物理
3139,材料・応用物理,化学
3140,化学,材料・応用物理
3141,材料・応用物理,化学
3142,化学,材料・応用物理
3143,化学,材料・応用物理
3144,化学,材料・応用物理
3145,化学,材料・応用物理
3146,化学,材料・応用物理
3147,化学,材料・応用物理
3148,材料・応用物理,化学
3149,化学,材料・応用物理
3150,材料・応用物理,化学
3151,化学,材料・応用物理
3152,化学,材料・応用物理
3153,化学,材料・応用物理
3154,化学,材料・応用物理
3155,化学,材料・応用物理
3156,材料・応用物理,化学
3157,化学,材料・応用物理
3158,化学,材料・応用物理
3159,化学,材料・応用物理
3160,化学,材料・応用物理
3161,化学,人工知能
3162,材料・応用物理,化学
3163,化学,材料・応用物理
3164,化学,材料・応用物理
3165,材料・応用物理,化学
3166,化学,材料・応用物理
3167,化学,人工知能
3168,化学,材料・応用物理
3169,化学,材料・応用物理
3170,化学,材料・応用物理
3171,化学,材料・応用物理
3172,化学,材料・応用物理
3173,化学,材料・応用物理
3174,化学,材料・応用物理
3175,化学,材料・応用物理
3176,化学,材料・応用物理
3177,化学,材料・応用物理
3178,化学,材料・応用物理
3179,化学,材料・応用物理
3180,材料・応用物理,化学
3181,材料・応用物理,化学
3182,材料・応用物理,化学
3183,化学,材料・応用物理
3184,化学,材料・応用物理
3185,化学,材料・応用物理
3186,化学,材料・応用物理
3187,材料・応用物理,化学
3188,材料・応用物理,化学
3189,材料・応用物理,化学
3190,化学,材料・応用物理
3191,化学,材料・応用物理
3192,化学,材料・応用物理
3193,化学,材料・応用物理
3194,化学,材料・応用物理
3195,材料・応用物理,化学
3196,化学,材料・応用物理
3197,化学,材料・応用物理
3198,化学,人工知能
3199,化学,材料・応用物理
3200,化学,材料・応用物理
3201,化学,材料・応用物理
3202,化学,材料・応用物理
3203,化学,材料・応用物理
3204,材料・応用物理,化学
3205,材料・応用物理,化学
3206,材料・応用物理,化学
3207,化学,材料・応用物理
3208,化学,材料・応用物理
3209,化学,材料・応用物理
3210,化学,材料・応用物理
3211,化学,材料・応用物理
3212,材料・応用物理,化学
3213,化学,材料・応用物理
3214,材料・応用物理,化学
3215,化学,材料・応用物理
3216,化学,材料・応用物理
3217,化学,材料・応用物理
3218,化学,材料・応用物理
3219,化学,材料・応用物理
3220,化学,材料・応用物理
3221,材料・応用物理,化学
3222,化学,材料・応用物理
3223,化学,材料・応用物理
3224,化学,材料・応用物理
3225,化学,材料・応用物理
3226,化学,材料・応用物理
3227,化学,材料・応用物理
3228,化学,材料・応用物理
3229,化学,材料・応用物理
3230,化学,材料・応用物理
3231,化学,材料・応用物理
3232,化学,材料・応用物理
3233,材料・応用物理,化学
3234,化学,材料・応用物理
3235,化学,材料・応用物理
3236,化学,材料・応用物理
3237,化学,材料・応用物理
3238,材料・応用物理,化学
3239,化学,材料・応用物理
3240,材料・応用物理,化学
3241,材料・応用物理,化学
3242,化学,材料・応用物理
3243,化学,材料・応用物理
3244,化学,材料・応用物理
3245,化学,材料・応用物理
3246,材料・応用物理,化学
3247,化学,材料・応用物理
3248,材料・応用物理,化学
3249,材料・応用物理,化学
3250,化学,材料・応用物理
3251,化学,材料・応用物理
3252,化学,材料・応用物理
3253,化学,材料・応用物理
3254,化学,材料・応用物理
3255,化学,材料・応用物理
3256,化学,材料・応用物理
3257,化学,材料・応用物理
3258,化学,材料・応用物理
3259,化学,材料・応用物理
3260,化学,材料・応用物理
3261,化学,材料・応用物理
3262,化学,材料・応用物理
3263,材料・応用物理,化学
3264,材料・応用物理,化学
3265,化学,材料・応用物理
3266,化学,材料・応用物理
3267,化学,材料・応用物理
3268,化学,材料・応用物理
3269,材料・応用物理,化学
3270,化学,材料・応用物理
3271,化学,材料・応用物理
3272,化学,人工知能
3273,化学,材料・応用物理
3274,化学,材料・応用物理
3275,材料・応用物理,化学
3276,材料・応用物理,化学
3277,化学,材料・応用物理
3278,化学,材料・応用物理
3279,化学,材料・応用物理
3280,材料・応用物理,化学
3281,化学,材料・応用物理
3282,化学,材料・応用物理
3283,化学,材料・応用物理
3284,化学,材料・応用物理
3285,化学,材料・応用物理
3286,材料・応用物理,化学
3287,化学,材料・応用物理
3288,化学,材料・応用物理
3289,化学,材料・応用物理
3290,化学,材料・応用物理
3291,化学,材料・応用物理
3292,化学,材料・応用物理
3293,化学,材料・応用物理
3294,化学,材料・応用物理
3295,化学,材料・応用物理
3296,材料・応用物理,化学
3297,材料・応用物理,化学
3298,化学,材料・応用物理
3299,材料・応用物理,化学
3300,材料・応用物理,化学
3301,化学,材料・応用物理
3302,化学,材料・応用物理
3303,化学,材料・応用物理
3304,化学,材料・応用物理
3305,化学,材料・応用物理
3306,化学,材料・応用物理
3307,化学,材料・応用物理
3308,化学,材料・応用物理
3309,化学,材料・応用物理
3310,材料・応用物理,化学
3311,材料・応用物理,化学
3312,化学,人工知能
3313,化学,材料・応用物理
3314,化学,材料・応用物理
3315,化学,材料・応用物理
3316,材料・応用物理,化学
3317,電子・情報通信,材料・応用物理
3318,化学,材料・応用物理
3319,化学,材料・応用物理
3320,化学,材料・応用物理
3321,材料・応用物理,化学
3322,材料・応用物理,化学
3323,材料・応用物理,化学
3324,化学,材料・応用物理
3325,化学,材料・応用物理
3326,化学,材料・応用物理
3327,材料・応用物理,化学
3328,化学,材料・応用物理
3329,材料・応用物理,化学
3330,材料・応用物理,化学
3331,材料・応用物理,化学
3332,材料・応用物理,化学
3333,化学,材料・応用物理
3334,化学,材料・応用物理
3335,化学,材料・応用物理
3336,化学,材料・応用物理
3337,化学,材料・応用物理
3338,化学,材料・応用物理
3339,化学,材料・応用物理
3340,化学,材料・応用物理
3341,化学,材料・応用物理
3342,化学,材料・応用物理
3343,材料・応用物理,化学
3344,化学,材料・応用物理
3345,化学,材料・応用物理
3346,化学,材料・応用物理
3347,化学,材料・応用物理
3348,化学,材料・応用物理
3349,材料・応用物理,化学
3350,材料・応用物理,化学
3351,化学,材料・応用物理
3352,化学,材料・応用物理
3353,化学,材料・応用物理
3354,化学,材料・応用物理
3355,化学,材料・応用物理
3356,化学,材料・応用物理
3357,材料・応用物理,化学
3358,化学,材料・応用物理
3359,化学,材料・応用物理
3360,化学,材料・応用物理
3361,化学,材料・応用物理
3362,材料・応用物理,化学
3363,材料・応用物理,化学
3364,材料・応用物理,化学
3365,化学,材料・応用物理
3366,材料・応用物理,化学
3367,化学,材料・応用物理
3368,材料・応用物理,化学
3369,化学,材料・応用物理
3370,材料・応用物理,化学
3371,化学,材料・応用物理
3372,化学,材料・応用物理
3373,化学,材料・応用物理
3374,人工知能,化学
3375,化学,材料・応用物理
3376,化学,人工知能
3377,材料・応用物理,化学
3378,材料・応用物理,化学
3379,化学,材料・応用物理
3380,化学,材料・応用物理
3381,化学,材料・応用物理
3382,化学,材料・応用物理
3383,化学,材料・応用物理
3384,化学,材料・応用物理
3385,化学,材料・応用物理
3386,材料・応用物理,化学
3387,材料・応用物理,化学
3388,化学,材料・応用物理
3389,化学,材料・応用物理
3390,材料・応用物理,化学
3391,化学,材料・応用物理
3392,化学,材料・応用物理
3393,材料・応用物理,電子・情報通信
3394,化学,材料・応用物理
3395,材料・応用物理,電子・情報通信
3396,化学,材料・応用物理
3397,化学,材料・応用物理
3398,化学,材料・応用物理
3399,化学,材料・応用物理
3400,化学,材料・応用物理
3401,化学,材料・応用物理
3402,材料・応用物理,化学
3403,化学,材料・応用物理
3404,化学,材料・応用物理
3405,化学,材料・応用物理
3406,化学,材料・応用物理
3407,化学,材料・応用物理
3408,化学,材料・応用物理
3409,化学,材料・応用物理
3410,化学,材料・応用物理
3411,化学,材料・応用物理
3412,材料・応用物理,化学
3413,化学,材料・応用物理
3414,化学,材料・応用物理
3415,化学,材料・応用物理
3416,化学,材料・応用物理
3417,材料・応用物理,化学
3418,化学,材料・応用物理
3419,化学,材料・応用物理
3420,化学,材料・応用物理
3421,化学,材料・応用物理
3422,化学,材料・応用物理
3423,化学,材料・応用物理
3424,化学,材料・応用物理
3425,化学,材料・応用物理
3426,化学,材料・応用物理
3427,化学,材料・応用物理
3428,化学,材料・応用物理
3429,化学,材料・応用物理
3430,材料・応用物理,化学
3431,化学,材料・応用物理
3432,材料・応用物理,化学
3433,材料・応用物理,化学
3434,材料・応用物理,化学
3435,化学,材料・応用物理
3436,材料・応用物理,化学
3437,材料・応用物理,化学
3438,化学,材料・応用物理
3439,化学,材料・応用物理
3440,化学,材料・応用物理
3441,化学,材料・応用物理
3442,材料・応用物理,化学
3443,材料・応用物理,化学
3444,化学,材料・応用物理
3445,化学,材料・応用物理
3446,化学,材料・応用物理
3447,化学,材料・応用物理
3448,材料・応用物理,化学
3449,材料・応用物理,化学
3450,材料・応用物理,化学
3451,化学,材料・応用物理
3452,化学,材料・応用物理
3453,化学,材料・応用物理
3454,化学,材料・応用物理
3455,化学,材料・応用物理
3456,化学,材料・応用物理
3457,材料・応用物理,化学
3458,材料・応用物理,化学
3459,材料・応用物理,化学
3460,材料・応用物理,化学
3461,化学,材料・応用物理
3462,化学,材料・応用物理
3463,化学,材料・応用物理
3464,化学,材料・応用物理
3465,化学,材料・応用物理
3466,化学,人工知能
3467,材料・応用物理,化学
3468,材料・応用物理,化学
3469,材料・応用物理,化学
3470,化学,材料・応用物理
3471,材料・応用物理,化学
3472,化学,材料・応用物理
3473,材料・応用物理,化学
3474,化学,材料・応用物理
3475,材料・応用物理,化学
3476,電子・情報通信,材料・応用物理
3477,化学,材料・応用物理
3478,化学,材料・応用物理
3479,化学,材料・応用物理
3480,化学,材料・応用物理
3481,材料・応用物理,化学
3482,化学,材料・応用物理
3483,材料・応用物理,化学
3484,材料・応用物理,化学
3485,化学,材料・応用物理
3486,化学,材料・応用物理
3487,化学,材料・応用物理
3488,化学,材料・応用物理
3489,化学,材料・応用物理
3490,化学,人工知能
3491,化学,材料・応用物理
3492,化学,材料・応用物理
3493,化学,材料・応用物理
3494,化学,材料・応用物理
3495,化学,材料・応用物理
3496,化学,材料・応用物理
3497,化学,材料・応用物理
3498,化学,材料・応用物理
3499,材料・応用物理,化学
3500,化学,材料・応用物理
3501,化学,材料・応用物理
3502,化学,材料・応用物理
3503,材料・応用物理,電子・情報通信
3504,材料・応用物理,化学
3505,化学,材料・応用物理
3506,化学,材料・応用物理
3507,化学,材料・応用物理
3508,化学,材料・応用物理
3509,化学,材料・応用物理
3510,化学,材料・応用物理
3511,化学,材料・応用物理
3512,化学,材料・応用物理
3513,化学,材料・応用物理
3514,化学,材料・応用物理
3515,化学,材料・応用物理
3516,化学,材料・応用物理
3517,材料・応用物理,化学
3518,材料・応用物理,化学
3519,化学,材料・応用物理
3520,材料・応用物理,化学
3521,化学,材料・応用物理
3522,化学,材料・応用物理
3523,化学,材料・応用物理
3524,化学,材料・応用物理
3525,化学,材料・応用物理
3526,化学,材料・応用物理
3527,化学,材料・応用物理
3528,材料・応用物理,化学
3529,化学,材料・応用物理
3530,材料・応用物理,化学
3531,材料・応用物理,化学
3532,化学,材料・応用物理
3533,化学,材料・応用物理
3534,化学,材料・応用物理
3535,化学,材料・応用物理
3536,化学,材料・応用物理
3537,化学,材料・応用物理
3538,化学,材料・応用物理
3539,材料・応用物理,化学
3540,材料・応用物理,化学
3541,化学,材料・応用物理
3542,材料・応用物理,化学
3543,材料・応用物理,化学
3544,化学,材料・応用物理
3545,化学,材料・応用物理
3546,化学,材料・応用物理
3547,材料・応用物理,化学
3548,化学,材料・応用物理
3549,材料・応用物理,化学
3550,材料・応用物理,化学
3551,材料・応用物理,化学
3552,化学,材料・応用物理
3553,化学,材料・応用物理
3554,化学,材料・応用物理
3555,化学,材料・応用物理
3556,材料・応用物理,化学
3557,化学,材料・応用物理
3558,化学,材料・応用物理
3559,化学,材料・応用物理
3560,化学,材料・応用物理
3561,化学,材料・応用物理
3562,化学,材料・応用物理
3563,化学,人工知能
3564,化学,材料・応用物理
3565,化学,材料・応用物理
3566,情報処理,電子・情報通信
3567,化学,材料・応用物理
3568,化学,材料・応用物理
3569,化学,情報処理
3570,化学,材料・応用物理
3571,化学,材料・応用物理
3572,化学,材料・応用物理
3573,化学,材料・応用物理
3574,化学,材料・応用物理
3575,化学,材料・応用物理
3576,化学,材料・応用物理
3577,材料・応用物理,化学
3578,化学,材料・応用物理
3579,化学,材料・応用物理
3580,化学,材料・応用物理
3581,化学,材料・応用物理
3582,化学,材料・応用物理
3583,材料・応用物理,化学
3584,化学,材料・応用物理
3585,化学,材料・応用物理
3586,化学,材料・応用物理
3587,化学,材料・応用物理
3588,化学,材料・応用物理
3589,化学,材料・応用物理
3590,化学,材料・応用物理
3591,化学,材料・応用物理
3592,材料・応用物理,化学
3593,化学,材料・応用物理
3594,化学,材料・応用物理
3595,化学,材料・応用物理
3596,化学,材料・応用物理
3597,化学,材料・応用物理
3598,化学,材料・応用物理
3599,化学,材料・応用物理
3600,化学,材料・応用物理
3601,化学,材料・応用物理
3602,材料・応用物理,化学
3603,化学,材料・応用物理
3604,材料・応用物理,化学
3605,化学,材料・応用物理
3606,化学,材料・応用物理
3607,化学,材料・応用物理
3608,化学,材料・応用物理
3609,材料・応用物理,化学
3610,化学,材料・応用物理
3611,化学,材料・応用物理
3612,化学,材料・応用物理
3613,化学,材料・応用物理
3614,化学,材料・応用物理
3615,化学,材料・応用物理
3616,材料・応用物理,化学
3617,化学,材料・応用物理
3618,化学,材料・応用物理
3619,化学,材料・応用物理
3620,化学,材料・応用物理
3621,化学,材料・応用物理
3622,化学,材料・応用物理
3623,化学,材料・応用物理
3624,化学,材料・応用物理
3625,化学,材料・応用物理
3626,化学,材料・応用物理
3627,化学,材料・応用物理
3628,化学,材料・応用物理
3629,材料・応用物理,化学
3630,化学,材料・応用物理
3631,電子・情報通信,情報処理
3632,化学,材料・応用物理
3633,化学,材料・応用物理
3634,化学,材料・応用物理
3635,化学,材料・応用物理
3636,化学,材料・応用物理
3637,化学,材料・応用物理
3638,化学,材料・応用物理
3639,化学,材料・応用物理
3640,化学,人工知能
3641,化学,材料・応用物理
3642,化学,材料・応用物理
3643,機械,電気
3644,物理,材料・応用物理
3645,化学,材料・応用物理
3646,化学,材料・応用物理
3647,化学,材料・応用物理
3648,材料・応用物理,化学
3649,材料・応用物理,化学
3650,材料・応用物理,化学
3651,材料・応用物理,化学
3652,化学,材料・応用物理
3653,人工知能,電子・情報通信
3654,化学,人工知能
3655,材料・応用物理,化学
3656,化学,材料・応用物理
3657,材料・応用物理,化学
3658,化学,材料・応用物理
3659,化学,材料・応用物理
3660,化学,材料・応用物理
3661,情報処理,電子・情報通信
3662,電子・情報通信,情報処理
3663,化学,材料・応用物理
3664,化学,材料・応用物理
3665,化学,材料・応用物理
3666,化学,材料・応用物理
3667,化学,材料・応用物理
3668,化学,材料・応用物理
3669,化学,材料・応用物理
3670,人工知能,電子・情報通信
3671,化学,材料・応用物理
3672,化学,材料・応用物理
3673,材料・応用物理,化学
3674,化学,材料・応用物理
3675,化学,材料・応用物理
3676,材料・応用物理,電子・情報通信
3677,化学,材料・応用物理
3678,化学,材料・応用物理
3679,化学,材料・応用物理
3680,化学,材料・応用物理
3681,化学,材料・応用物理
3682,材料・応用物理,化学
3683,化学,材料・応用物理
3684,化学,材料・応用物理
3685,化学,材料・応用物理
3686,化学,材料・応用物理
3687,化学,材料・応用物理
3688,化学,材料・応用物理
3689,化学,材料・応用物理
3690,化学,材料・応用物理
3691,化学,材料・応用物理
3692,化学,材料・応用物理
3693,化学,材料・応用物理
3694,化学,材料・応用物理
3695,化学,材料・応用物理
3696,化学,材料・応用物理
3697,化学,材料・応用物理
3698,材料・応用物理,化学
3699,材料・応用物理,化学
3700,化学,材料・応用物理
3701,化学,材料・応用物理
3702,化学,材料・応用物理
3703,材料・応用物理,化学
